filename,deviation_score,lane_centroid_x_cropped_px,num_detected_lines,avg_line_slope_deg,avg_line_length_px,avg_line_x_at_bottom_px,avg_line_x_at_top_px,final_mask_white_pixels,final_mask_centroid_x_px,final_mask_centroid_y_px
00420478.png,0.0,0.0,0,0.0,0.0,0.0,0.0,0,0.0,0.0
00420523.png,0.0,0.0,0,0.0,0.0,0.0,0.0,0,0.0,0.0
00420564.png,0.0,0.0,0,0.0,0.0,0.0,0.0,0,0.0,0.0
00420604.png,0.0,0.0,0,0.0,0.0,0.0,0.0,0,0.0,0.0
00420644.png,0.0,0.0,0,0.0,0.0,0.0,0.0,0,0.0,0.0
00420684.png,0.0,0.0,0,0.0,0.0,0.0,0.0,0,0.0,0.0
00420725.png,0.0,0.0,0,0.0,0.0,0.0,0.0,0,0.0,0.0
00420765.png,0.0,0.0,0,0.0,0.0,0.0,0.0,146,951.0,3.0
00420803.png,-0.9107638888888889,171.33333333333334,9,-4.7971204287299045,90.80158131959574,-2676.1349206349205,4806.583994708995,2291,180.0,172.0
00420841.png,0.0,0.0,0,0.0,0.0,0.0,0.0,0,0.0,0.0
00420878.png,0.0,0.0,0,0.0,0.0,0.0,0.0,0,0.0,0.0
00420915.png,0.0,0.0,0,0.0,0.0,0.0,0.0,0,0.0,0.0
00420952.png,-0.9287566489361703,136.7872340425532,47,-5.8743918249432765,136.55966622956433,-309.668204566709,774.0745556790807,6194,140.0,143.0
00420989.png,0.0,0.0,0,0.0,0.0,0.0,0.0,42,797.0,15.0
00421026.png,-0.7899816176470588,403.2352941176471,17,-12.389460704659465,73.38453372509346,-657.3834210216843,822.0228280729538,2627,613.0,61.0
00421063.png,0.0,0.0,0,0.0,0.0,0.0,0.0,307,1862.0,36.0
00421100.png,0.0,0.0,0,0.0,0.0,0.0,0.0,0,0.0,0.0
00421137.png,0.0,0.0,0,0.0,0.0,0.0,0.0,0,0.0,0.0
00421175.png,0.0,0.0,0,0.0,0.0,0.0,0.0,0,0.0,0.0
00421214.png,0.0,0.0,0,0.0,0.0,0.0,0.0,0,0.0,0.0
00421255.png,0.0,0.0,0,0.0,0.0,0.0,0.0,0,0.0,0.0
00421296.png,0.0,0.0,0,0.0,0.0,0.0,0.0,0,0.0,0.0
00421337.png,0.0,0.0,0,0.0,0.0,0.0,0.0,9,1738.0,43.0
00421379.png,0.0,0.0,0,0.0,0.0,0.0,0.0,0,0.0,0.0
00421420.png,0.0,0.0,0,0.0,0.0,0.0,0.0,0,0.0,0.0
00421461.png,0.0,0.0,0,0.0,0.0,0.0,0.0,0,0.0,0.0
00421502.png,0.0,0.0,0,0.0,0.0,0.0,0.0,0,0.0,0.0
00421543.png,0.0,0.0,0,0.0,0.0,0.0,0.0,0,0.0,0.0
00421584.png,0.0,0.0,0,0.0,0.0,0.0,0.0,0,0.0,0.0
00421625.png,0.0,0.0,0,0.0,0.0,0.0,0.0,0,0.0,0.0
00421666.png,0.0,0.0,0,0.0,0.0,0.0,0.0,80,1966.0,19.0
00421707.png,0.0,0.0,0,0.0,0.0,0.0,0.0,0,0.0,0.0
00421748.png,0.0,0.0,0,0.0,0.0,0.0,0.0,0,0.0,0.0
00421789.png,0.0,0.0,0,0.0,0.0,0.0,0.0,0,0.0,0.0
00421830.png,0.0,0.0,0,0.0,0.0,0.0,0.0,0,0.0,0.0
00421871.png,0.0,0.0,0,0.0,0.0,0.0,0.0,0,0.0,0.0
00421912.png,0.0,0.0,0,0.0,0.0,0.0,0.0,127,121.0,77.0
00421953.png,0.0,0.0,0,0.0,0.0,0.0,0.0,511,1153.0,99.0
00421994.png,0.0,0.0,0,0.0,0.0,0.0,0.0,7,3089.0,40.0
00422034.png,0.0,0.0,0,0.0,0.0,0.0,0.0,765,1567.0,30.0
00422073.png,0.0,0.0,0,0.0,0.0,0.0,0.0,0,0.0,0.0
00422112.png,0.0,0.0,0,0.0,0.0,0.0,0.0,0,0.0,0.0
00422150.png,0.0015625,1923.0,1,-0.9093804491991415,63.00793600809346,-1699.0,15248.0,198,1928.0,207.0
00422187.png,0.0,0.0,0,0.0,0.0,0.0,0.0,4,1776.0,209.0
00422224.png,0.0,0.0,0,0.0,0.0,0.0,0.0,18,1935.0,191.0
00422261.png,0.0,0.0,0,0.0,0.0,0.0,0.0,506,398.0,10.0
00422297.png,0.0,0.0,0,0.0,0.0,0.0,0.0,0,0.0,0.0
00422334.png,0.0,0.0,0,0.0,0.0,0.0,0.0,71,1894.0,47.0
00422371.png,0.0,0.0,0,0.0,0.0,0.0,0.0,814,1905.0,44.0
00422408.png,0.0,0.0,0,0.0,0.0,0.0,0.0,160,1930.0,23.0
00422445.png,0.0,0.0,0,0.0,0.0,0.0,0.0,59,1923.0,99.0
00422482.png,0.6985243055555554,3261.1666666666665,12,-16.40387738789898,135.10934566975598,2936.524659014232,3853.0122218144916,1217,3291.0,161.0
00422519.png,0.0,0.0,0,0.0,0.0,0.0,0.0,353,3504.0,217.0
00422557.png,0.0,0.0,0,0.0,0.0,0.0,0.0,0,0.0,0.0
00422596.png,0.0,0.0,0,0.0,0.0,0.0,0.0,0,0.0,0.0
00422635.png,0.0,0.0,0,0.0,0.0,0.0,0.0,0,0.0,0.0
00422675.png,0.0,0.0,0,0.0,0.0,0.0,0.0,0,0.0,0.0
00422717.png,0.0,0.0,0,0.0,0.0,0.0,0.0,0,0.0,0.0
00422758.png,0.0,0.0,0,0.0,0.0,0.0,0.0,0,0.0,0.0
00422799.png,0.0,0.0,0,0.0,0.0,0.0,0.0,0,0.0,0.0
00422840.png,0.0,0.0,0,0.0,0.0,0.0,0.0,0,0.0,0.0
00422881.png,0.0,0.0,0,0.0,0.0,0.0,0.0,0,0.0,0.0
00422922.png,0.0,0.0,0,0.0,0.0,0.0,0.0,0,0.0,0.0
00422963.png,0.0,0.0,0,0.0,0.0,0.0,0.0,0,0.0,0.0
00423003.png,0.0,0.0,0,0.0,0.0,0.0,0.0,0,0.0,0.0
00423044.png,0.0,0.0,0,0.0,0.0,0.0,0.0,0,0.0,0.0
00423084.png,0.0,0.0,0,0.0,0.0,0.0,0.0,0,0.0,0.0
00423122.png,0.0,0.0,0,0.0,0.0,0.0,0.0,0,0.0,0.0
00423161.png,0.0,0.0,0,0.0,0.0,0.0,0.0,0,0.0,0.0
00423199.png,-0.91328125,166.5,8,-1.1509525631282722,97.8058019037,4578.734036796537,24.220508658008647,1001,132.0,12.0
00423238.png,0.0,0.0,0,0.0,0.0,0.0,0.0,0,0.0,0.0
00423279.png,0.0,0.0,0,0.0,0.0,0.0,0.0,0,0.0,0.0
00423320.png,0.0,0.0,0,0.0,0.0,0.0,0.0,0,0.0,0.0
00423361.png,0.0,0.0,0,0.0,0.0,0.0,0.0,0,0.0,0.0
00423402.png,0.0,0.0,0,0.0,0.0,0.0,0.0,0,0.0,0.0
00423443.png,0.0,0.0,0,0.0,0.0,0.0,0.0,0,0.0,0.0
00423483.png,0.0,0.0,0,0.0,0.0,0.0,0.0,0,0.0,0.0
00423523.png,-0.38818359375,1174.6875,16,-2.560583298750191,73.39356186762049,2005.0444444444445,1028.5438762626263,1951,1083.0,55.0
00423560.png,0.0,0.0,0,0.0,0.0,0.0,0.0,8,1763.0,116.0
00423597.png,0.0,0.0,0,0.0,0.0,0.0,0.0,92,1598.0,155.0
00423634.png,-0.9393688725490196,116.41176470588235,17,-13.42093246378815,144.40181572227277,-180.88709692894886,994.0944335388092,2617,117.0,199.0
00423671.png,0.0,0.0,0,0.0,0.0,0.0,0.0,0,0.0,0.0
00423707.png,0.0,0.0,0,0.0,0.0,0.0,0.0,0,0.0,0.0
00423743.png,0.0,0.0,0,0.0,0.0,0.0,0.0,0,0.0,0.0
00423779.png,0.0,0.0,0,0.0,0.0,0.0,0.0,0,0.0,0.0
00423816.png,0.0,0.0,0,0.0,0.0,0.0,0.0,0,0.0,0.0
00423854.png,0.0,0.0,0,0.0,0.0,0.0,0.0,0,0.0,0.0
00423893.png,0.0,0.0,0,0.0,0.0,0.0,0.0,0,0.0,0.0
00423933.png,0.0,0.0,0,0.0,0.0,0.0,0.0,0,0.0,0.0
00423974.png,0.0,0.0,0,0.0,0.0,0.0,0.0,0,0.0,0.0
00424015.png,0.0,0.0,0,0.0,0.0,0.0,0.0,0,0.0,0.0
00424056.png,0.8051970108695651,3465.978260869565,46,7.185840447011552,106.61477676215186,4267.80979729038,3143.4478831524693,3999,3484.0,109.0
00424097.png,0.0,0.0,0,0.0,0.0,0.0,0.0,169,1766.0,30.0
00424138.png,0.6119791666666666,3095.0,1,5.856013585428958,117.61377470347595,3982.75,1360.0,177,3114.0,179.0
00424179.png,0.34322916666666664,2579.0,1,6.613460482314756,69.46221994724903,4019.875,1699.75,463,2587.0,71.0
00424220.png,0.0,0.0,0,0.0,0.0,0.0,0.0,13,2041.0,132.0
00424261.png,0.0,0.0,0,0.0,0.0,0.0,0.0,0,0.0,0.0
00424302.png,0.0,0.0,0,0.0,0.0,0.0,0.0,0,0.0,0.0
00424343.png,0.0,0.0,0,0.0,0.0,0.0,0.0,0,0.0,0.0
00424384.png,0.0,0.0,0,0.0,0.0,0.0,0.0,0,0.0,0.0
00424425.png,0.6468005952380952,3161.8571428571427,7,3.8812342305517404,118.02987241096278,3879.4030075187975,3163.629931972789,1223,3136.0,21.0
00424466.png,0.0,0.0,0,0.0,0.0,0.0,0.0,0,0.0,0.0
00424507.png,0.0,0.0,0,0.0,0.0,0.0,0.0,180,3348.0,105.0
00424548.png,0.0,0.0,0,0.0,0.0,0.0,0.0,212,1597.0,95.0
00424589.png,0.0,0.0,0,0.0,0.0,0.0,0.0,0,0.0,0.0
00424629.png,0.0,0.0,0,0.0,0.0,0.0,0.0,0,0.0,0.0
00424669.png,0.0,0.0,0,0.0,0.0,0.0,0.0,18,3808.0,134.0
00424709.png,0.0,0.0,0,0.0,0.0,0.0,0.0,0,0.0,0.0
00424750.png,0.0,0.0,0,0.0,0.0,0.0,0.0,0,0.0,0.0
00424791.png,0.0,0.0,0,0.0,0.0,0.0,0.0,0,0.0,0.0
00424832.png,0.0,0.0,0,0.0,0.0,0.0,0.0,0,0.0,0.0
00425036.png,0.0,0.0,0,0.0,0.0,0.0,0.0,0,0.0,0.0
00425077.png,0.0,0.0,0,0.0,0.0,0.0,0.0,0,0.0,0.0
00425118.png,0.0,0.0,0,0.0,0.0,0.0,0.0,0,0.0,0.0
00425159.png,0.0,0.0,0,0.0,0.0,0.0,0.0,0,0.0,0.0
00425199.png,0.0,0.0,0,0.0,0.0,0.0,0.0,478,54.0,8.0
00425239.png,0.0,0.0,0,0.0,0.0,0.0,0.0,0,0.0,0.0
00425476.png,0.0,0.0,0,0.0,0.0,0.0,0.0,0,0.0,0.0
00425517.png,0.0,0.0,0,0.0,0.0,0.0,0.0,0,0.0,0.0
00425558.png,0.0,0.0,0,0.0,0.0,0.0,0.0,3,1861.0,98.0
00425599.png,0.0,0.0,0,0.0,0.0,0.0,0.0,0,0.0,0.0
00425640.png,0.0,0.0,0,0.0,0.0,0.0,0.0,0,0.0,0.0
00425682.png,0.0,0.0,0,0.0,0.0,0.0,0.0,0,0.0,0.0
00425723.png,0.885546875,3620.25,20,2.026557811948064,125.802670941735,5187.383148429585,2770.0218253968255,2510,3589.0,70.0
00425764.png,0.0,0.0,0,0.0,0.0,0.0,0.0,0,0.0,0.0
00425805.png,0.9101438492063492,3667.4761904761904,21,11.166648454955848,141.01040998462517,4341.445965779383,2550.1601899195052,2788,3671.0,185.0
00425846.png,0.0,0.0,0,0.0,0.0,0.0,0.0,0,0.0,0.0
00425887.png,0.0,0.0,0,0.0,0.0,0.0,0.0,0,0.0,0.0
00425928.png,0.9373263888888889,3719.6666666666665,18,0.9629667865346558,112.5321496131798,3425.60357070838,5001.141822768127,3074,3600.0,214.0
00425969.png,0.8783333333333334,3606.4,5,2.0717384257988996,125.39520887638908,4756.766666666666,-934.8250000000004,1467,3518.0,224.0
00426010.png,0.0,0.0,0,0.0,0.0,0.0,0.0,0,0.0,0.0
00426049.png,0.0,0.0,0,0.0,0.0,0.0,0.0,17,3436.0,37.0
00426090.png,0.0,0.0,0,0.0,0.0,0.0,0.0,0,0.0,0.0
00426131.png,0.93359375,3712.5,4,5.843749546370539,101.04288219125235,4814.903787878788,1095.5712121212118,758,3751.0,197.0
00426172.png,0.0,0.0,0,0.0,0.0,0.0,0.0,0,0.0,0.0
00426213.png,0.0,0.0,0,0.0,0.0,0.0,0.0,0,0.0,0.0
00426254.png,0.0,0.0,0,0.0,0.0,0.0,0.0,0,0.0,0.0
00426335.png,0.7048611111111112,3273.3333333333335,3,8.915691547055186,133.10008064846858,4934.099116161616,3178.636363636364,550,3123.0,31.0
00426376.png,0.0,0.0,0,0.0,0.0,0.0,0.0,0,0.0,0.0
00426417.png,0.0,0.0,0,0.0,0.0,0.0,0.0,69,2084.0,42.0
00426458.png,0.0,0.0,0,0.0,0.0,0.0,0.0,278,2108.0,56.0
00426499.png,0.0,0.0,0,0.0,0.0,0.0,0.0,394,2101.0,50.0
00426540.png,0.0,0.0,0,0.0,0.0,0.0,0.0,382,2097.0,45.0
00426581.png,0.0,0.0,0,0.0,0.0,0.0,0.0,163,2104.0,52.0
00426622.png,0.0,0.0,0,0.0,0.0,0.0,0.0,145,2142.0,49.0
00426663.png,0.0,0.0,0,0.0,0.0,0.0,0.0,0,0.0,0.0
00426704.png,0.0,0.0,0,0.0,0.0,0.0,0.0,0,0.0,0.0
00426745.png,0.0,0.0,0,0.0,0.0,0.0,0.0,82,3089.0,106.0
00426785.png,0.0,0.0,0,0.0,0.0,0.0,0.0,249,3541.0,116.0
00426990.png,0.0,0.0,0,0.0,0.0,0.0,0.0,576,2878.0,42.0
00427031.png,0.0,0.0,0,0.0,0.0,0.0,0.0,49,2590.0,105.0
00427072.png,0.0,0.0,0,0.0,0.0,0.0,0.0,42,2930.0,1.0
00427154.png,0.0,0.0,0,0.0,0.0,0.0,0.0,0,0.0,0.0
00427195.png,0.0,0.0,0,0.0,0.0,0.0,0.0,0,0.0,0.0
00427236.png,0.0,0.0,0,0.0,0.0,0.0,0.0,0,0.0,0.0
00427277.png,0.0,0.0,0,0.0,0.0,0.0,0.0,0,0.0,0.0
00427358.png,0.0,0.0,0,0.0,0.0,0.0,0.0,0,0.0,0.0
00427398.png,0.0,0.0,0,0.0,0.0,0.0,0.0,0,0.0,0.0
00427438.png,0.0,0.0,0,0.0,0.0,0.0,0.0,6,2957.0,243.0
00427477.png,0.0,0.0,0,0.0,0.0,0.0,0.0,0,0.0,0.0
00427515.png,0.0,0.0,0,0.0,0.0,0.0,0.0,0,0.0,0.0
00427554.png,0.0,0.0,0,0.0,0.0,0.0,0.0,0,0.0,0.0
00427593.png,0.0,0.0,0,0.0,0.0,0.0,0.0,0,0.0,0.0
00427632.png,0.0,0.0,0,0.0,0.0,0.0,0.0,0,0.0,0.0
00427672.png,0.0,0.0,0,0.0,0.0,0.0,0.0,0,0.0,0.0
00427712.png,0.0,0.0,0,0.0,0.0,0.0,0.0,0,0.0,0.0
00427753.png,0.0,0.0,0,0.0,0.0,0.0,0.0,0,0.0,0.0
00427794.png,0.0,0.0,0,0.0,0.0,0.0,0.0,193,1943.0,2.0
00427835.png,0.0,0.0,0,0.0,0.0,0.0,0.0,63,2048.0,112.0
00427876.png,0.0,0.0,0,0.0,0.0,0.0,0.0,496,2804.0,34.0
00427917.png,0.0,0.0,0,0.0,0.0,0.0,0.0,0,0.0,0.0
00427958.png,0.0,0.0,0,0.0,0.0,0.0,0.0,72,2236.0,145.0
00427999.png,0.0,0.0,0,0.0,0.0,0.0,0.0,0,0.0,0.0
00428040.png,0.0,0.0,0,0.0,0.0,0.0,0.0,0,0.0,0.0
00428081.png,0.0,0.0,0,0.0,0.0,0.0,0.0,78,1705.0,233.0
00428121.png,0.0,0.0,0,0.0,0.0,0.0,0.0,0,0.0,0.0
00428162.png,0.0,0.0,0,0.0,0.0,0.0,0.0,0,0.0,0.0
00428203.png,0.0,0.0,0,0.0,0.0,0.0,0.0,0,0.0,0.0
00428242.png,0.0,0.0,0,0.0,0.0,0.0,0.0,0,0.0,0.0
00428281.png,0.0,0.0,0,0.0,0.0,0.0,0.0,0,0.0,0.0
00428322.png,0.0,0.0,0,0.0,0.0,0.0,0.0,0,0.0,0.0
00428363.png,0.0,0.0,0,0.0,0.0,0.0,0.0,0,0.0,0.0
00428404.png,0.0,0.0,0,0.0,0.0,0.0,0.0,0,0.0,0.0
00428444.png,0.0,0.0,0,0.0,0.0,0.0,0.0,0,0.0,0.0
00428485.png,0.0,0.0,0,0.0,0.0,0.0,0.0,22,2403.0,247.0
00428526.png,0.0,0.0,0,0.0,0.0,0.0,0.0,60,2216.0,216.0
00428566.png,0.0,0.0,0,0.0,0.0,0.0,0.0,0,0.0,0.0
00428604.png,0.0,0.0,0,0.0,0.0,0.0,0.0,0,0.0,0.0
00428642.png,0.0,0.0,0,0.0,0.0,0.0,0.0,21,1717.0,59.0
00428682.png,0.0,0.0,0,0.0,0.0,0.0,0.0,0,0.0,0.0
00428723.png,0.0,0.0,0,0.0,0.0,0.0,0.0,0,0.0,0.0
00428763.png,0.0,0.0,0,0.0,0.0,0.0,0.0,0,0.0,0.0
00428885.png,0.0,0.0,0,0.0,0.0,0.0,0.0,0,0.0,0.0
00428960.png,0.0,0.0,0,0.0,0.0,0.0,0.0,0,0.0,0.0
00429266.png,0.0,0.0,0,0.0,0.0,0.0,0.0,17,1423.0,254.0
00429307.png,0.0,0.0,0,0.0,0.0,0.0,0.0,10,2053.0,230.0
00429348.png,0.0,0.0,0,0.0,0.0,0.0,0.0,0,0.0,0.0
00429389.png,0.0,0.0,0,0.0,0.0,0.0,0.0,4,1518.0,235.0
00429430.png,0.7540364583333333,3367.75,4,0.0,149.75,3368.125,3368.125,518,3388.0,7.0
00429471.png,0.6286458333333333,3127.0,15,5.468973473754786,134.1152277612638,5841.712283719587,2896.8386169911523,1968,3144.0,25.0
00429512.png,0.0,0.0,0,0.0,0.0,0.0,0.0,439,3747.0,166.0
00429553.png,0.0,0.0,0,0.0,0.0,0.0,0.0,0,0.0,0.0
00429594.png,0.0,0.0,0,0.0,0.0,0.0,0.0,537,3214.0,74.0
00429635.png,0.0,0.0,0,0.0,0.0,0.0,0.0,21,1916.0,75.0
00429676.png,0.9299479166666667,3705.5,2,-2.681737674944723,106.71843101051775,-545.3333333333333,7266.875,787,3771.0,132.0
00429716.png,0.0,0.0,0,0.0,0.0,0.0,0.0,258,3326.0,44.0
00429756.png,0.0,0.0,0,0.0,0.0,0.0,0.0,0,0.0,0.0
00429795.png,0.0,0.0,0,0.0,0.0,0.0,0.0,0,0.0,0.0
00429836.png,0.0,0.0,0,0.0,0.0,0.0,0.0,0,0.0,0.0
00429877.png,0.4667361111111111,2816.133333333333,45,-0.2443371726018935,158.85248407005938,1028.7455898505805,3422.7337878233066,4686,2809.0,65.0
00429918.png,0.0,0.0,0,0.0,0.0,0.0,0.0,0,0.0,0.0
00429959.png,0.0,0.0,0,0.0,0.0,0.0,0.0,0,0.0,0.0
00430000.png,0.0,0.0,0,0.0,0.0,0.0,0.0,0,0.0,0.0
00430041.png,0.0,0.0,0,0.0,0.0,0.0,0.0,290,2578.0,45.0
00430082.png,0.0,0.0,0,0.0,0.0,0.0,0.0,400,1776.0,110.0
00430123.png,0.0,0.0,0,0.0,0.0,0.0,0.0,0,0.0,0.0
00430164.png,0.0,0.0,0,0.0,0.0,0.0,0.0,0,0.0,0.0
00430205.png,0.0,0.0,0,0.0,0.0,0.0,0.0,0,0.0,0.0
00430246.png,0.0,0.0,0,0.0,0.0,0.0,0.0,0,0.0,0.0
00430286.png,0.0,0.0,0,0.0,0.0,0.0,0.0,0,0.0,0.0
00430326.png,0.0,0.0,0,0.0,0.0,0.0,0.0,0,0.0,0.0
00430365.png,0.0,0.0,0,0.0,0.0,0.0,0.0,0,0.0,0.0
00430403.png,0.0,0.0,0,0.0,0.0,0.0,0.0,0,0.0,0.0
00430442.png,0.0,0.0,0,0.0,0.0,0.0,0.0,0,0.0,0.0
00430482.png,0.0,0.0,0,0.0,0.0,0.0,0.0,0,0.0,0.0
00430523.png,0.0,0.0,0,0.0,0.0,0.0,0.0,0,0.0,0.0
00430564.png,0.0,0.0,0,0.0,0.0,0.0,0.0,13,1615.0,28.0
00430604.png,0.0,0.0,0,0.0,0.0,0.0,0.0,0,0.0,0.0
00430645.png,0.0,0.0,0,0.0,0.0,0.0,0.0,0,0.0,0.0
00430686.png,0.0,0.0,0,0.0,0.0,0.0,0.0,0,0.0,0.0
00430727.png,0.0,0.0,0,0.0,0.0,0.0,0.0,28,2012.0,1.0
00430768.png,0.0,0.0,0,0.0,0.0,0.0,0.0,55,2375.0,28.0
00430809.png,0.0,0.0,0,0.0,0.0,0.0,0.0,94,2192.0,80.0
00430851.png,0.0,0.0,0,0.0,0.0,0.0,0.0,0,0.0,0.0
00430892.png,0.0,0.0,0,0.0,0.0,0.0,0.0,0,0.0,0.0
00430933.png,0.0,0.0,0,0.0,0.0,0.0,0.0,11,2290.0,138.0
00430974.png,0.0,0.0,0,0.0,0.0,0.0,0.0,0,0.0,0.0
00431015.png,0.0,0.0,0,0.0,0.0,0.0,0.0,0,0.0,0.0
00431056.png,0.0,0.0,0,0.0,0.0,0.0,0.0,0,0.0,0.0
00431097.png,0.0,0.0,0,0.0,0.0,0.0,0.0,0,0.0,0.0
00431138.png,0.0,0.0,0,0.0,0.0,0.0,0.0,0,0.0,0.0
00431179.png,0.0,0.0,0,0.0,0.0,0.0,0.0,86,3415.0,17.0
00431220.png,0.0,0.0,0,0.0,0.0,0.0,0.0,0,0.0,0.0
00431261.png,0.0,0.0,0,0.0,0.0,0.0,0.0,0,0.0,0.0
00431302.png,0.0,0.0,0,0.0,0.0,0.0,0.0,0,0.0,0.0
00431343.png,0.8911458333333333,3631.0,2,1.369381156086162,125.53585202154625,13085.666666666668,1832.5,811,3654.0,42.0
00431384.png,0.0,0.0,0,0.0,0.0,0.0,0.0,0,0.0,0.0
00431425.png,0.0,0.0,0,0.0,0.0,0.0,0.0,0,0.0,0.0
00431465.png,0.0,0.0,0,0.0,0.0,0.0,0.0,0,0.0,0.0
00431505.png,0.0,0.0,0,0.0,0.0,0.0,0.0,0,0.0,0.0
00431546.png,0.6607638888888888,3188.6666666666665,3,13.081772164940245,95.823735555335,4040.8711917562723,2859.2356630824374,743,3204.0,65.0
00431587.png,0.0,0.0,0,0.0,0.0,0.0,0.0,0,0.0,0.0
00431628.png,0.0,0.0,0,0.0,0.0,0.0,0.0,0,0.0,0.0
00431669.png,0.0,0.0,0,0.0,0.0,0.0,0.0,0,0.0,0.0
00431710.png,0.0,0.0,0,0.0,0.0,0.0,0.0,0,0.0,0.0
00431751.png,0.0,0.0,0,0.0,0.0,0.0,0.0,0,0.0,0.0
00431791.png,0.0,0.0,0,0.0,0.0,0.0,0.0,9,1767.0,61.0
00431832.png,0.0,0.0,0,0.0,0.0,0.0,0.0,85,1844.0,42.0
00431872.png,0.6755859375,3217.125,8,14.132317538934622,81.46480661702648,3528.093767806268,2457.8224715099714,755,3096.0,182.0
00431913.png,0.0,0.0,0,0.0,0.0,0.0,0.0,0,0.0,0.0
00431954.png,0.0,0.0,0,0.0,0.0,0.0,0.0,46,1577.0,100.0
00431994.png,0.0,0.0,0,0.0,0.0,0.0,0.0,13,1524.0,68.0
00432035.png,0.0,0.0,0,0.0,0.0,0.0,0.0,0,0.0,0.0
00432076.png,0.0,0.0,0,0.0,0.0,0.0,0.0,0,0.0,0.0
00432116.png,0.0,0.0,0,0.0,0.0,0.0,0.0,0,0.0,0.0
00432157.png,0.0,0.0,0,0.0,0.0,0.0,0.0,465,2458.0,182.0
00432197.png,0.0,0.0,0,0.0,0.0,0.0,0.0,0,0.0,0.0
00432238.png,0.0,0.0,0,0.0,0.0,0.0,0.0,0,0.0,0.0
00432278.png,0.0,0.0,0,0.0,0.0,0.0,0.0,0,0.0,0.0
00432317.png,0.0,0.0,0,0.0,0.0,0.0,0.0,0,0.0,0.0
00432356.png,0.0,0.0,0,0.0,0.0,0.0,0.0,0,0.0,0.0
00432396.png,0.0,0.0,0,0.0,0.0,0.0,0.0,0,0.0,0.0
00432435.png,0.0,0.0,0,0.0,0.0,0.0,0.0,0,0.0,0.0
00432474.png,0.0,0.0,0,0.0,0.0,0.0,0.0,0,0.0,0.0
00432514.png,0.0,0.0,0,0.0,0.0,0.0,0.0,0,0.0,0.0
00432554.png,0.0,0.0,0,0.0,0.0,0.0,0.0,0,0.0,0.0
00432592.png,0.0,0.0,0,0.0,0.0,0.0,0.0,0,0.0,0.0
00432630.png,0.0,0.0,0,0.0,0.0,0.0,0.0,0,0.0,0.0
00432670.png,0.0,0.0,0,0.0,0.0,0.0,0.0,0,0.0,0.0
00432711.png,0.0,0.0,0,0.0,0.0,0.0,0.0,194,1268.0,63.0
00432752.png,0.0,0.0,0,0.0,0.0,0.0,0.0,6,1279.0,84.0
00432793.png,0.0,0.0,0,0.0,0.0,0.0,0.0,0,0.0,0.0
00432834.png,0.0,0.0,0,0.0,0.0,0.0,0.0,11,1587.0,111.0
00432875.png,0.0,0.0,0,0.0,0.0,0.0,0.0,177,3567.0,214.0
00432916.png,0.0,0.0,0,0.0,0.0,0.0,0.0,1,1768.0,113.0
00432957.png,0.8807581018518519,3611.0555555555557,54,11.917587678750849,95.02075375817482,4200.584540393914,3059.941989388172,4239,3617.0,143.0
00432998.png,0.0,0.0,0,0.0,0.0,0.0,0.0,7,1620.0,134.0
00433039.png,0.0,0.0,0,0.0,0.0,0.0,0.0,0,0.0,0.0
00433080.png,0.0,0.0,0,0.0,0.0,0.0,0.0,0,0.0,0.0
00433121.png,0.0,0.0,0,0.0,0.0,0.0,0.0,0,0.0,0.0
00433162.png,0.7206458333333333,3303.64,25,2.1180801696741427,130.25271780383702,3038.912636363637,3352.419909090909,3094,3266.0,101.0
00433203.png,0.0,0.0,0,0.0,0.0,0.0,0.0,10,3765.0,2.0
00433244.png,0.0,0.0,0,0.0,0.0,0.0,0.0,0,0.0,0.0
00433285.png,0.0,0.0,0,0.0,0.0,0.0,0.0,0,0.0,0.0
00433326.png,0.0,0.0,0,0.0,0.0,0.0,0.0,47,1499.0,47.0
00433367.png,0.0,0.0,0,0.0,0.0,0.0,0.0,0,0.0,0.0
00433409.png,0.8478298611111111,3547.8333333333335,12,3.85357100836431,66.43320467864895,5490.691468253968,3290.7625000000003,2083,3590.0,31.0
00433450.png,0.0,0.0,0,0.0,0.0,0.0,0.0,63,1722.0,19.0
00433491.png,0.0,0.0,0,0.0,0.0,0.0,0.0,802,3520.0,46.0
00433532.png,0.0,0.0,0,0.0,0.0,0.0,0.0,68,1539.0,153.0
00433573.png,0.0,0.0,0,0.0,0.0,0.0,0.0,0,0.0,0.0
00433614.png,0.6047743055555554,3081.1666666666665,6,0.0,155.83333333333334,3081.4166666666665,3081.4166666666665,962,3086.0,41.0
00433654.png,0.0,0.0,0,0.0,0.0,0.0,0.0,0,0.0,0.0
00433693.png,0.0,0.0,0,0.0,0.0,0.0,0.0,32,3707.0,5.0
00433733.png,0.0,0.0,0,0.0,0.0,0.0,0.0,0,0.0,0.0
00433774.png,0.0,0.0,0,0.0,0.0,0.0,0.0,0,0.0,0.0
00433815.png,0.0,0.0,0,0.0,0.0,0.0,0.0,0,0.0,0.0
00433856.png,0.0,0.0,0,0.0,0.0,0.0,0.0,0,0.0,0.0
00433897.png,0.0,0.0,0,0.0,0.0,0.0,0.0,0,0.0,0.0
00433938.png,0.0,0.0,0,0.0,0.0,0.0,0.0,0,0.0,0.0
00433979.png,0.0,0.0,0,0.0,0.0,0.0,0.0,26,2040.0,104.0
00434020.png,0.0,0.0,0,0.0,0.0,0.0,0.0,0,0.0,0.0
00434060.png,0.0,0.0,0,0.0,0.0,0.0,0.0,113,1202.0,149.0
00434101.png,0.0,0.0,0,0.0,0.0,0.0,0.0,21,2073.0,104.0
00434141.png,0.0,0.0,0,0.0,0.0,0.0,0.0,0,0.0,0.0
00434181.png,0.0,0.0,0,0.0,0.0,0.0,0.0,0,0.0,0.0
00434222.png,0.0,0.0,0,0.0,0.0,0.0,0.0,0,0.0,0.0
00434262.png,0.0,0.0,0,0.0,0.0,0.0,0.0,0,0.0,0.0
00434302.png,0.0,0.0,0,0.0,0.0,0.0,0.0,0,0.0,0.0
00434341.png,0.0,0.0,0,0.0,0.0,0.0,0.0,0,0.0,0.0
00434380.png,0.0,0.0,0,0.0,0.0,0.0,0.0,85,2426.0,16.0
00434418.png,0.0,0.0,0,0.0,0.0,0.0,0.0,0,0.0,0.0
00434456.png,0.0,0.0,0,0.0,0.0,0.0,0.0,0,0.0,0.0
00434495.png,0.0,0.0,0,0.0,0.0,0.0,0.0,0,0.0,0.0
00434536.png,0.0,0.0,0,0.0,0.0,0.0,0.0,31,1122.0,124.0
00434577.png,0.0,0.0,0,0.0,0.0,0.0,0.0,9,1520.0,73.0
00434618.png,0.0,0.0,0,0.0,0.0,0.0,0.0,0,0.0,0.0
00434660.png,0.0,0.0,0,0.0,0.0,0.0,0.0,0,0.0,0.0
00434701.png,0.0,0.0,0,0.0,0.0,0.0,0.0,4,1378.0,114.0
00434742.png,0.0,0.0,0,0.0,0.0,0.0,0.0,0,0.0,0.0
00434783.png,0.0,0.0,0,0.0,0.0,0.0,0.0,10,1856.0,71.0
00434824.png,0.0,0.0,0,0.0,0.0,0.0,0.0,21,3064.0,40.0
00434865.png,0.0,0.0,0,0.0,0.0,0.0,0.0,234,1870.0,107.0
00434906.png,0.0,0.0,0,0.0,0.0,0.0,0.0,0,0.0,0.0
00434947.png,0.0,0.0,0,0.0,0.0,0.0,0.0,0,0.0,0.0
00434988.png,0.0,0.0,0,0.0,0.0,0.0,0.0,0,0.0,0.0
00435029.png,0.0,0.0,0,0.0,0.0,0.0,0.0,0,0.0,0.0
00435070.png,0.0,0.0,0,0.0,0.0,0.0,0.0,0,0.0,0.0
00435111.png,0.0,0.0,0,0.0,0.0,0.0,0.0,0,0.0,0.0
00435152.png,0.0,0.0,0,0.0,0.0,0.0,0.0,0,0.0,0.0
00435193.png,0.0,0.0,0,0.0,0.0,0.0,0.0,199,1852.0,160.0
00435234.png,0.0,0.0,0,0.0,0.0,0.0,0.0,547,1519.0,96.0
00435275.png,0.0,0.0,0,0.0,0.0,0.0,0.0,0,0.0,0.0
00435315.png,0.0,0.0,0,0.0,0.0,0.0,0.0,116,2027.0,55.0
00435356.png,0.0,0.0,0,0.0,0.0,0.0,0.0,1260,3200.0,94.0
00435397.png,0.0,0.0,0,0.0,0.0,0.0,0.0,0,0.0,0.0
00435437.png,0.0,0.0,0,0.0,0.0,0.0,0.0,1,3817.0,0.0
00435477.png,0.9776041666666667,3797.0,1,-4.899092453787765,70.25667228100119,880.3333333333335,4018.6666666666665,1277,3648.0,40.0
00435518.png,0.0,0.0,0,0.0,0.0,0.0,0.0,0,0.0,0.0
00435559.png,0.0,0.0,0,0.0,0.0,0.0,0.0,0,0.0,0.0
00435600.png,0.0,0.0,0,0.0,0.0,0.0,0.0,0,0.0,0.0
00435640.png,0.0,0.0,0,0.0,0.0,0.0,0.0,0,0.0,0.0
00435680.png,0.0,0.0,0,0.0,0.0,0.0,0.0,0,0.0,0.0
00435718.png,0.0,0.0,0,0.0,0.0,0.0,0.0,0,0.0,0.0
00435755.png,0.2955729166666667,746.25,4,-0.5607958363416035,77.84264979539172,829.4776785714287,740.5491071428571,538,735.0,9.0
00435791.png,0.0,0.0,0,0.0,0.0,0.0,0.0,0,0.0,0.0
00435864.png,0.0,0.0,0,0.0,0.0,0.0,0.0,374,1282.0,123.0
00436048.png,0.0,0.0,0,0.0,0.0,0.0,0.0,0,0.0,0.0
00436084.png,0.0,0.0,0,0.0,0.0,0.0,0.0,735,1855.0,52.0
00436119.png,0.9421130952380952,3728.8571428571427,7,0.4590814044666158,113.02650304861278,3993.285714285714,-41.714285714285715,1827,2600.0,153.0
00436154.png,0.0,0.0,0,0.0,0.0,0.0,0.0,404,2325.0,127.0
00436190.png,0.8790364583333333,3607.75,4,15.116917303361264,82.76731699747813,3985.5088726088725,2969.579517704518,1514,3274.0,160.0
00436226.png,0.7121419270833333,3287.3125,16,1.86140590654164,104.09350074895468,-1014.0671125730997,4863.704282120743,1414,3105.0,57.0
00436262.png,0.0,0.0,0,0.0,0.0,0.0,0.0,38,2058.0,122.0
00436298.png,0.0,0.0,0,0.0,0.0,0.0,0.0,0,0.0,0.0
00436337.png,0.0,0.0,0,0.0,0.0,0.0,0.0,0,0.0,0.0
00436377.png,0.0,0.0,0,0.0,0.0,0.0,0.0,0,0.0,0.0
00436417.png,0.0,0.0,0,0.0,0.0,0.0,0.0,0,0.0,0.0
00436457.png,0.0,0.0,0,0.0,0.0,0.0,0.0,0,0.0,0.0
00436498.png,0.0,0.0,0,0.0,0.0,0.0,0.0,90,1942.0,9.0
00436539.png,0.0,0.0,0,0.0,0.0,0.0,0.0,21,2282.0,75.0
00436580.png,0.0,0.0,0,0.0,0.0,0.0,0.0,0,0.0,0.0
00436621.png,0.0,0.0,0,0.0,0.0,0.0,0.0,0,0.0,0.0
00436662.png,0.0,0.0,0,0.0,0.0,0.0,0.0,21,1319.0,90.0
00436703.png,0.0,0.0,0,0.0,0.0,0.0,0.0,60,2258.0,133.0
00436744.png,0.0,0.0,0,0.0,0.0,0.0,0.0,37,1679.0,112.0
00436785.png,0.0,0.0,0,0.0,0.0,0.0,0.0,5,1753.0,198.0
00436826.png,0.0,0.0,0,0.0,0.0,0.0,0.0,8,1936.0,135.0
00436867.png,0.0,0.0,0,0.0,0.0,0.0,0.0,0,0.0,0.0
00436908.png,0.0,0.0,0,0.0,0.0,0.0,0.0,263,3024.0,34.0
00436948.png,0.0,0.0,0,0.0,0.0,0.0,0.0,0,0.0,0.0
00436986.png,0.0,0.0,0,0.0,0.0,0.0,0.0,0,0.0,0.0
00437026.png,0.0,0.0,0,0.0,0.0,0.0,0.0,0,0.0,0.0
00437067.png,0.0,0.0,0,0.0,0.0,0.0,0.0,0,0.0,0.0
00437108.png,0.0,0.0,0,0.0,0.0,0.0,0.0,0,0.0,0.0
00437149.png,0.0,0.0,0,0.0,0.0,0.0,0.0,16,2513.0,259.0
00437190.png,0.0,0.0,0,0.0,0.0,0.0,0.0,0,0.0,0.0
00437231.png,0.0,0.0,0,0.0,0.0,0.0,0.0,69,1771.0,182.0
00437272.png,0.7481770833333333,3356.5,2,0.3535384556907284,94.08683864586686,2324.7,3293.1,289,3346.0,71.0
00437311.png,0.0,0.0,0,0.0,0.0,0.0,0.0,0,0.0,0.0
00437349.png,0.0,0.0,0,0.0,0.0,0.0,0.0,0,0.0,0.0
00437386.png,0.0,0.0,0,0.0,0.0,0.0,0.0,0,0.0,0.0
00437424.png,0.0,0.0,0,0.0,0.0,0.0,0.0,0,0.0,0.0
00437463.png,0.0,0.0,0,0.0,0.0,0.0,0.0,0,0.0,0.0
00437504.png,0.0,0.0,0,0.0,0.0,0.0,0.0,0,0.0,0.0
00437545.png,0.0,0.0,0,0.0,0.0,0.0,0.0,0,0.0,0.0
00437586.png,0.0,0.0,0,0.0,0.0,0.0,0.0,0,0.0,0.0
00437627.png,0.0,0.0,0,0.0,0.0,0.0,0.0,230,2179.0,55.0
00437667.png,0.0,0.0,0,0.0,0.0,0.0,0.0,0,0.0,0.0
00437705.png,0.0,0.0,0,0.0,0.0,0.0,0.0,16,2158.0,144.0
00437742.png,0.0,0.0,0,0.0,0.0,0.0,0.0,391,1626.0,158.0
00437779.png,0.0,0.0,0,0.0,0.0,0.0,0.0,31,1777.0,232.0
00437815.png,0.0,0.0,0,0.0,0.0,0.0,0.0,0,0.0,0.0
00437854.png,0.0,0.0,0,0.0,0.0,0.0,0.0,0,0.0,0.0
00437892.png,0.0,0.0,0,0.0,0.0,0.0,0.0,0,0.0,0.0
00437932.png,0.0,0.0,0,0.0,0.0,0.0,0.0,0,0.0,0.0
00437973.png,0.0,0.0,0,0.0,0.0,0.0,0.0,16,1167.0,143.0
00438014.png,0.0,0.0,0,0.0,0.0,0.0,0.0,0,0.0,0.0
00438055.png,0.0,0.0,0,0.0,0.0,0.0,0.0,0,0.0,0.0
00438096.png,0.6832899305555554,3231.9166666666665,12,1.3294137080080008,186.82773399892298,3645.362222222222,3218.25,1543,3237.0,14.0
00438137.png,0.0,0.0,0,0.0,0.0,0.0,0.0,7,2173.0,123.0
00438178.png,0.0,0.0,0,0.0,0.0,0.0,0.0,0,0.0,0.0
00438219.png,0.0,0.0,0,0.0,0.0,0.0,0.0,46,2023.0,27.0
00438261.png,0.0,0.0,0,0.0,0.0,0.0,0.0,0,0.0,0.0
00438302.png,0.0,0.0,0,0.0,0.0,0.0,0.0,0,0.0,0.0
00438343.png,0.0,0.0,0,0.0,0.0,0.0,0.0,0,0.0,0.0
00438384.png,0.0,0.0,0,0.0,0.0,0.0,0.0,0,0.0,0.0
00438425.png,0.8422676282051282,3537.153846153846,26,8.479799226497095,175.44166707714365,4980.228944922789,3088.945093473379,3140,3568.0,66.0
00438466.png,0.7962239583333334,3448.75,4,9.588856765468682,107.33580827237762,4657.6133004926105,2536.4224137931033,1008,3598.0,112.0
00438508.png,0.0,0.0,0,0.0,0.0,0.0,0.0,0,0.0,0.0
00438549.png,0.0,0.0,0,0.0,0.0,0.0,0.0,14,3601.0,96.0
00438590.png,0.0,0.0,0,0.0,0.0,0.0,0.0,206,1878.0,184.0
00438631.png,-0.0375,1848.0,1,0.0,60.0,1848.0,1848.0,266,1850.0,183.0
00438671.png,0.0,0.0,0,0.0,0.0,0.0,0.0,0,0.0,0.0
00438711.png,0.0,0.0,0,0.0,0.0,0.0,0.0,44,3798.0,85.0
00438750.png,0.0,0.0,0,0.0,0.0,0.0,0.0,0,0.0,0.0
00438791.png,0.0,0.0,0,0.0,0.0,0.0,0.0,0,0.0,0.0
00438832.png,0.0,0.0,0,0.0,0.0,0.0,0.0,0,0.0,0.0
00438873.png,0.0,0.0,0,0.0,0.0,0.0,0.0,0,0.0,0.0
00438914.png,0.0,0.0,0,0.0,0.0,0.0,0.0,27,2427.0,105.0
00438954.png,0.0,0.0,0,0.0,0.0,0.0,0.0,584,1776.0,42.0
00438994.png,0.0,0.0,0,0.0,0.0,0.0,0.0,13,1941.0,114.0
00439035.png,0.0,0.0,0,0.0,0.0,0.0,0.0,96,1958.0,117.0
00439076.png,0.0,0.0,0,0.0,0.0,0.0,0.0,0,0.0,0.0
00439116.png,0.0,0.0,0,0.0,0.0,0.0,0.0,0,0.0,0.0
00439156.png,0.0,0.0,0,0.0,0.0,0.0,0.0,0,0.0,0.0
00439195.png,0.0,0.0,0,0.0,0.0,0.0,0.0,0,0.0,0.0
00439234.png,0.0,0.0,0,0.0,0.0,0.0,0.0,0,0.0,0.0
00439272.png,0.0,0.0,0,0.0,0.0,0.0,0.0,0,0.0,0.0
00439311.png,0.0,0.0,0,0.0,0.0,0.0,0.0,0,0.0,0.0
00439351.png,0.0,0.0,0,0.0,0.0,0.0,0.0,11,2105.0,77.0
00439392.png,0.0,0.0,0,0.0,0.0,0.0,0.0,0,0.0,0.0
00439433.png,0.0,0.0,0,0.0,0.0,0.0,0.0,0,0.0,0.0
00439474.png,0.0,0.0,0,0.0,0.0,0.0,0.0,2,1568.0,192.0
00439515.png,0.0,0.0,0,0.0,0.0,0.0,0.0,0,0.0,0.0
00439556.png,0.0,0.0,0,0.0,0.0,0.0,0.0,65,2392.0,98.0
00439598.png,0.0,0.0,0,0.0,0.0,0.0,0.0,0,0.0,0.0
00439639.png,0.0,0.0,0,0.0,0.0,0.0,0.0,0,0.0,0.0
00439680.png,0.0,0.0,0,0.0,0.0,0.0,0.0,0,0.0,0.0
00439721.png,0.0,0.0,0,0.0,0.0,0.0,0.0,0,0.0,0.0
00439762.png,0.0,0.0,0,0.0,0.0,0.0,0.0,0,0.0,0.0
00439802.png,0.0,0.0,0,0.0,0.0,0.0,0.0,0,0.0,0.0
00439843.png,0.0,0.0,0,0.0,0.0,0.0,0.0,0,0.0,0.0
00439883.png,0.0,0.0,0,0.0,0.0,0.0,0.0,0,0.0,0.0
00439924.png,0.0,0.0,0,0.0,0.0,0.0,0.0,0,0.0,0.0
00439964.png,-0.15625,1620.0,1,2.2906100426385296,50.039984012787215,4795.0,-1930.0,657,1624.0,130.0
00440004.png,0.0,0.0,0,0.0,0.0,0.0,0.0,0,0.0,0.0
00440042.png,0.0,0.0,0,0.0,0.0,0.0,0.0,657,665.0,26.0
00440079.png,0.0,0.0,0,0.0,0.0,0.0,0.0,273,1607.0,133.0
00440115.png,0.0,0.0,0,0.0,0.0,0.0,0.0,0,0.0,0.0
00440151.png,0.0,0.0,0,0.0,0.0,0.0,0.0,524,1993.0,88.0
00440188.png,0.0,0.0,0,0.0,0.0,0.0,0.0,0,0.0,0.0
00440225.png,0.0,0.0,0,0.0,0.0,0.0,0.0,0,0.0,0.0
00440263.png,0.0,0.0,0,0.0,0.0,0.0,0.0,0,0.0,0.0
00440300.png,0.42152777777777783,2729.3333333333335,3,6.917631094072497,60.77743403923466,3719.7566137566137,1502.2857142857144,1407,2670.0,139.0
00440336.png,0.0,0.0,0,0.0,0.0,0.0,0.0,69,2577.0,95.0
00440371.png,0.0,0.0,0,0.0,0.0,0.0,0.0,737,1993.0,122.0
00440406.png,0.727827380952381,3317.4285714285716,7,3.3365472215714957,118.14406478082954,5695.160644257703,3246.5071428571428,1166,3051.0,30.0
00440441.png,0.0,0.0,0,0.0,0.0,0.0,0.0,505,2252.0,56.0
00440476.png,0.0,0.0,0,0.0,0.0,0.0,0.0,84,1651.0,135.0
00440513.png,0.0,0.0,0,0.0,0.0,0.0,0.0,842,3767.0,52.0
00440551.png,0.0,0.0,0,0.0,0.0,0.0,0.0,0,0.0,0.0
00440590.png,0.0,0.0,0,0.0,0.0,0.0,0.0,0,0.0,0.0
00440631.png,0.0,0.0,0,0.0,0.0,0.0,0.0,0,0.0,0.0
00440672.png,0.0,0.0,0,0.0,0.0,0.0,0.0,115,2230.0,166.0
00440713.png,0.0,0.0,0,0.0,0.0,0.0,0.0,1194,2470.0,121.0
00440754.png,0.0,0.0,0,0.0,0.0,0.0,0.0,0,0.0,0.0
00440795.png,0.0,0.0,0,0.0,0.0,0.0,0.0,0,0.0,0.0
00440836.png,0.0,0.0,0,0.0,0.0,0.0,0.0,0,0.0,0.0
00440877.png,0.0,0.0,0,0.0,0.0,0.0,0.0,0,0.0,0.0
00440917.png,0.0,0.0,0,0.0,0.0,0.0,0.0,0,0.0,0.0
00440958.png,0.0,0.0,0,0.0,0.0,0.0,0.0,0,0.0,0.0
00440999.png,0.0,0.0,0,0.0,0.0,0.0,0.0,0,0.0,0.0
00441039.png,0.0,0.0,0,0.0,0.0,0.0,0.0,2173,1705.0,67.0
00441080.png,0.0,0.0,0,0.0,0.0,0.0,0.0,0,0.0,0.0
00441119.png,0.0,0.0,0,0.0,0.0,0.0,0.0,42,1931.0,117.0
00441156.png,0.0,0.0,0,0.0,0.0,0.0,0.0,0,0.0,0.0
00441193.png,0.0,0.0,0,0.0,0.0,0.0,0.0,136,1722.0,107.0
00441229.png,0.0,0.0,0,0.0,0.0,0.0,0.0,92,1581.0,83.0
00441265.png,0.0,0.0,0,0.0,0.0,0.0,0.0,0,0.0,0.0
00441301.png,0.0,0.0,0,0.0,0.0,0.0,0.0,0,0.0,0.0
00441339.png,0.0,0.0,0,0.0,0.0,0.0,0.0,0,0.0,0.0
00441377.png,0.0,0.0,0,0.0,0.0,0.0,0.0,0,0.0,0.0
00441457.png,0.0,0.0,0,0.0,0.0,0.0,0.0,0,0.0,0.0
00441498.png,0.0,0.0,0,0.0,0.0,0.0,0.0,0,0.0,0.0
00441539.png,0.0,0.0,0,0.0,0.0,0.0,0.0,169,3391.0,61.0
00441580.png,0.0,0.0,0,0.0,0.0,0.0,0.0,211,3405.0,18.0
00441621.png,0.0,0.0,0,0.0,0.0,0.0,0.0,0,0.0,0.0
00441662.png,0.0,0.0,0,0.0,0.0,0.0,0.0,0,0.0,0.0
00441703.png,0.0,0.0,0,0.0,0.0,0.0,0.0,0,0.0,0.0
00441744.png,0.0,0.0,0,0.0,0.0,0.0,0.0,0,0.0,0.0
00441785.png,0.0,0.0,0,0.0,0.0,0.0,0.0,0,0.0,0.0
00441826.png,0.0,0.0,0,0.0,0.0,0.0,0.0,0,0.0,0.0
00441948.png,0.0,0.0,0,0.0,0.0,0.0,0.0,0,0.0,0.0
00442029.png,0.0,0.0,0,0.0,0.0,0.0,0.0,175,1778.0,65.0
00442069.png,0.6087940705128204,3088.8846153846152,26,-9.916332007131953,196.8479608323297,1987.366213655513,3895.7744348660904,3204,3046.0,132.0
00442108.png,0.0,0.0,0,0.0,0.0,0.0,0.0,0,0.0,0.0
00442148.png,0.0,0.0,0,0.0,0.0,0.0,0.0,0,0.0,0.0
00442188.png,0.0,0.0,0,0.0,0.0,0.0,0.0,0,0.0,0.0
00442229.png,0.0,0.0,0,0.0,0.0,0.0,0.0,0,0.0,0.0
00442270.png,0.0,0.0,0,0.0,0.0,0.0,0.0,164,2140.0,39.0
00442310.png,0.0,0.0,0,0.0,0.0,0.0,0.0,0,0.0,0.0
00442351.png,0.0,0.0,0,0.0,0.0,0.0,0.0,0,0.0,0.0
00442392.png,0.0,0.0,0,0.0,0.0,0.0,0.0,0,0.0,0.0
00442433.png,0.0,0.0,0,0.0,0.0,0.0,0.0,0,0.0,0.0
00442474.png,0.0,0.0,0,0.0,0.0,0.0,0.0,0,0.0,0.0
00442515.png,0.0,0.0,0,0.0,0.0,0.0,0.0,44,1264.0,259.0
00442556.png,0.0,0.0,0,0.0,0.0,0.0,0.0,0,0.0,0.0
00442597.png,0.0,0.0,0,0.0,0.0,0.0,0.0,0,0.0,0.0
00442637.png,0.0,0.0,0,0.0,0.0,0.0,0.0,0,0.0,0.0
00442678.png,0.0,0.0,0,0.0,0.0,0.0,0.0,0,0.0,0.0
00442719.png,0.0,0.0,0,0.0,0.0,0.0,0.0,0,0.0,0.0
00442760.png,0.0,0.0,0,0.0,0.0,0.0,0.0,0,0.0,0.0
00442801.png,0.0,0.0,0,0.0,0.0,0.0,0.0,0,0.0,0.0
00442842.png,0.0,0.0,0,0.0,0.0,0.0,0.0,19,2043.0,90.0
00442883.png,0.0,0.0,0,0.0,0.0,0.0,0.0,0,0.0,0.0
00442924.png,0.0,0.0,0,0.0,0.0,0.0,0.0,0,0.0,0.0
00442964.png,0.0,0.0,0,0.0,0.0,0.0,0.0,0,0.0,0.0
00443004.png,0.0,0.0,0,0.0,0.0,0.0,0.0,0,0.0,0.0
00443043.png,0.0,0.0,0,0.0,0.0,0.0,0.0,0,0.0,0.0
00443082.png,-0.47734375,1003.5,2,-3.4905287034148977,50.18299009439497,305.75,1404.1666666666667,982,989.0,123.0
00443120.png,-0.9184244791666667,156.625,8,0.0,73.5,157.0,157.0,917,206.0,39.0
00443159.png,-0.7603125,460.2,5,0.16748496257421502,120.62397424798932,-391.4000000000002,673.8399999999999,1169,747.0,63.0
00443197.png,0.0,0.0,0,0.0,0.0,0.0,0.0,12,1922.0,252.0
00443236.png,0.15520833333333334,2218.0,3,6.499531333398867,132.03852937410576,2476.0468056787936,2294.306713989944,947,1052.0,71.0
00443274.png,0.0,0.0,0,0.0,0.0,0.0,0.0,0,0.0,0.0
00443313.png,0.0,0.0,0,0.0,0.0,0.0,0.0,158,2246.0,197.0
00443354.png,0.0,0.0,0,0.0,0.0,0.0,0.0,0,0.0,0.0
00443394.png,0.0,0.0,0,0.0,0.0,0.0,0.0,0,0.0,0.0
00443435.png,0.0,0.0,0,0.0,0.0,0.0,0.0,0,0.0,0.0
00443477.png,0.0,0.0,0,0.0,0.0,0.0,0.0,0,0.0,0.0
00443518.png,0.0,0.0,0,0.0,0.0,0.0,0.0,0,0.0,0.0
00443559.png,0.0,0.0,0,0.0,0.0,0.0,0.0,13,1754.0,150.0
00443600.png,0.0,0.0,0,0.0,0.0,0.0,0.0,0,0.0,0.0
00443641.png,0.0,0.0,0,0.0,0.0,0.0,0.0,0,0.0,0.0
00443681.png,0.0,0.0,0,0.0,0.0,0.0,0.0,0,0.0,0.0
00443719.png,0.0,0.0,0,0.0,0.0,0.0,0.0,0,0.0,0.0
00443756.png,0.0,0.0,0,0.0,0.0,0.0,0.0,0,0.0,0.0
00443794.png,0.0,0.0,0,0.0,0.0,0.0,0.0,0,0.0,0.0
00443832.png,0.0,0.0,0,0.0,0.0,0.0,0.0,0,0.0,0.0
00443870.png,0.0,0.0,0,0.0,0.0,0.0,0.0,23,2335.0,178.0
00443907.png,0.0,0.0,0,0.0,0.0,0.0,0.0,42,2222.0,98.0
00443945.png,0.0,0.0,0,0.0,0.0,0.0,0.0,0,0.0,0.0
00443985.png,0.0,0.0,0,0.0,0.0,0.0,0.0,0,0.0,0.0
00444025.png,0.0,0.0,0,0.0,0.0,0.0,0.0,0,0.0,0.0
00444065.png,0.0,0.0,0,0.0,0.0,0.0,0.0,0,0.0,0.0
00444106.png,0.0,0.0,0,0.0,0.0,0.0,0.0,155,3720.0,40.0
00444147.png,0.0,0.0,0,0.0,0.0,0.0,0.0,0,0.0,0.0
00444188.png,0.0,0.0,0,0.0,0.0,0.0,0.0,0,0.0,0.0
00444229.png,0.0,0.0,0,0.0,0.0,0.0,0.0,0,0.0,0.0
00444270.png,0.0,0.0,0,0.0,0.0,0.0,0.0,0,0.0,0.0
00444311.png,0.0,0.0,0,0.0,0.0,0.0,0.0,82,2517.0,130.0
00444352.png,0.0,0.0,0,0.0,0.0,0.0,0.0,37,1870.0,80.0
00444393.png,0.0,0.0,0,0.0,0.0,0.0,0.0,0,0.0,0.0
00444434.png,0.0,0.0,0,0.0,0.0,0.0,0.0,0,0.0,0.0
00444475.png,0.0,0.0,0,0.0,0.0,0.0,0.0,41,2151.0,180.0
00444516.png,0.8634982638888888,3577.9166666666665,12,4.276997071730343,101.43362681537747,6002.751636148024,3208.8207066732643,1615,3536.0,43.0
00444557.png,0.0,0.0,0,0.0,0.0,0.0,0.0,15,1278.0,256.0
00444597.png,0.0,0.0,0,0.0,0.0,0.0,0.0,0,0.0,0.0
00444638.png,0.0,0.0,0,0.0,0.0,0.0,0.0,0,0.0,0.0
00444678.png,0.0,0.0,0,0.0,0.0,0.0,0.0,403,2567.0,42.0
00444717.png,0.0,0.0,0,0.0,0.0,0.0,0.0,575,2955.0,110.0
00444755.png,-0.24748263888888894,1444.8333333333333,6,-1.1108437008379948,78.71644454750898,4705.4111111111115,-1146.0861111111112,1768,1311.0,123.0
00444793.png,-0.17690972222222226,1580.3333333333333,3,-0.6158700886648653,48.33870827951389,1348.0,4127.666666666667,3268,489.0,124.0
00444832.png,0.0,0.0,0,0.0,0.0,0.0,0.0,5,1871.0,199.0
00444870.png,0.0,0.0,0,0.0,0.0,0.0,0.0,53,1542.0,139.0
00444909.png,0.0,0.0,0,0.0,0.0,0.0,0.0,0,0.0,0.0
00444949.png,0.0,0.0,0,0.0,0.0,0.0,0.0,0,0.0,0.0
00444989.png,0.0,0.0,0,0.0,0.0,0.0,0.0,0,0.0,0.0
00445030.png,0.0,0.0,0,0.0,0.0,0.0,0.0,0,0.0,0.0
00445071.png,0.0,0.0,0,0.0,0.0,0.0,0.0,0,0.0,0.0
00445112.png,0.0,0.0,0,0.0,0.0,0.0,0.0,7,2504.0,232.0
00445153.png,0.0,0.0,0,0.0,0.0,0.0,0.0,0,0.0,0.0
00445194.png,0.0,0.0,0,0.0,0.0,0.0,0.0,30,2136.0,106.0
00445235.png,0.0,0.0,0,0.0,0.0,0.0,0.0,0,0.0,0.0
00445276.png,0.0,0.0,0,0.0,0.0,0.0,0.0,0,0.0,0.0
00445317.png,0.0,0.0,0,0.0,0.0,0.0,0.0,146,1544.0,120.0
00445358.png,0.0,0.0,0,0.0,0.0,0.0,0.0,0,0.0,0.0
00445399.png,0.0,0.0,0,0.0,0.0,0.0,0.0,11,1277.0,220.0
00445439.png,0.0,0.0,0,0.0,0.0,0.0,0.0,956,2174.0,101.0
00445478.png,0.0,0.0,0,0.0,0.0,0.0,0.0,13,2549.0,172.0
00445516.png,-0.8223958333333333,341.0,3,-4.864209145869491,87.30976147017117,-927.574074074074,786.0555555555557,1504,605.0,68.0
00445555.png,-0.9446875,106.2,5,-0.6053344601110553,93.24791555810799,5079.596103896104,-1277.8870129870131,1650,83.0,61.0
00445594.png,0.0,0.0,0,0.0,0.0,0.0,0.0,0,0.0,0.0
00445633.png,0.0,0.0,0,0.0,0.0,0.0,0.0,0,0.0,0.0
00445673.png,0.0,0.0,0,0.0,0.0,0.0,0.0,85,2662.0,124.0
00445711.png,0.0,0.0,0,0.0,0.0,0.0,0.0,0,0.0,0.0
00445749.png,0.0,0.0,0,0.0,0.0,0.0,0.0,0,0.0,0.0
00445787.png,0.0,0.0,0,0.0,0.0,0.0,0.0,0,0.0,0.0
00445825.png,0.0,0.0,0,0.0,0.0,0.0,0.0,0,0.0,0.0
00445863.png,0.0,0.0,0,0.0,0.0,0.0,0.0,0,0.0,0.0
00445902.png,0.0,0.0,0,0.0,0.0,0.0,0.0,0,0.0,0.0
00445941.png,0.0,0.0,0,0.0,0.0,0.0,0.0,35,3248.0,1.0
00445979.png,0.0,0.0,0,0.0,0.0,0.0,0.0,0,0.0,0.0
00446017.png,0.0,0.0,0,0.0,0.0,0.0,0.0,59,2130.0,78.0
00446056.png,0.0,0.0,0,0.0,0.0,0.0,0.0,0,0.0,0.0
00446095.png,0.0,0.0,0,0.0,0.0,0.0,0.0,0,0.0,0.0
00446136.png,0.0,0.0,0,0.0,0.0,0.0,0.0,0,0.0,0.0
00446177.png,0.0,0.0,0,0.0,0.0,0.0,0.0,0,0.0,0.0
00446218.png,0.0,0.0,0,0.0,0.0,0.0,0.0,766,46.0,57.0
00446260.png,0.0,0.0,0,0.0,0.0,0.0,0.0,0,0.0,0.0
00446301.png,0.0,0.0,0,0.0,0.0,0.0,0.0,0,0.0,0.0
00446343.png,-0.8353365384615384,316.15384615384613,26,-5.90027137690041,187.74820973963722,-2470.716376040353,680.0717775965908,2990,294.0,32.0
00446384.png,0.0,0.0,0,0.0,0.0,0.0,0.0,0,0.0,0.0
00446423.png,0.0,0.0,0,0.0,0.0,0.0,0.0,0,0.0,0.0
00446462.png,0.0,0.0,0,0.0,0.0,0.0,0.0,0,0.0,0.0
00446501.png,0.0,0.0,0,0.0,0.0,0.0,0.0,0,0.0,0.0
00446539.png,0.0,0.0,0,0.0,0.0,0.0,0.0,0,0.0,0.0
00446576.png,0.0,0.0,0,0.0,0.0,0.0,0.0,15,3694.0,2.0
00446615.png,0.0,0.0,0,0.0,0.0,0.0,0.0,251,3605.0,26.0
00446656.png,0.0,0.0,0,0.0,0.0,0.0,0.0,0,0.0,0.0
00446697.png,0.0,0.0,0,0.0,0.0,0.0,0.0,0,0.0,0.0
00446738.png,0.0,0.0,0,0.0,0.0,0.0,0.0,51,1515.0,173.0
00446778.png,0.0,0.0,0,0.0,0.0,0.0,0.0,0,0.0,0.0
00446819.png,0.0,0.0,0,0.0,0.0,0.0,0.0,114,1954.0,112.0
00446860.png,0.0,0.0,0,0.0,0.0,0.0,0.0,25,1495.0,160.0
00446901.png,0.0,0.0,0,0.0,0.0,0.0,0.0,0,0.0,0.0
00446942.png,0.0,0.0,0,0.0,0.0,0.0,0.0,0,0.0,0.0
00446982.png,0.0,0.0,0,0.0,0.0,0.0,0.0,0,0.0,0.0
00447023.png,0.0,0.0,0,0.0,0.0,0.0,0.0,0,0.0,0.0
00447063.png,0.0,0.0,0,0.0,0.0,0.0,0.0,0,0.0,0.0
00447103.png,0.0,0.0,0,0.0,0.0,0.0,0.0,0,0.0,0.0
00447142.png,0.0,0.0,0,0.0,0.0,0.0,0.0,0,0.0,0.0
00447181.png,0.0,0.0,0,0.0,0.0,0.0,0.0,0,0.0,0.0
00447219.png,0.0,0.0,0,0.0,0.0,0.0,0.0,0,0.0,0.0
00447259.png,0.0,0.0,0,0.0,0.0,0.0,0.0,0,0.0,0.0
00447300.png,0.0,0.0,0,0.0,0.0,0.0,0.0,0,0.0,0.0
00447341.png,0.8611653645833334,3573.4375,16,14.173087586876031,172.87256129647335,4479.552444821863,3358.0272563641743,2078,3584.0,52.0
00447382.png,0.0,0.0,0,0.0,0.0,0.0,0.0,52,2461.0,98.0
00447423.png,0.0,0.0,0,0.0,0.0,0.0,0.0,424,3131.0,19.0
00447464.png,0.0,0.0,0,0.0,0.0,0.0,0.0,1,1934.0,154.0
00447505.png,0.0,0.0,0,0.0,0.0,0.0,0.0,0,0.0,0.0
00447546.png,0.0,0.0,0,0.0,0.0,0.0,0.0,65,2434.0,217.0
00447587.png,0.0,0.0,0,0.0,0.0,0.0,0.0,0,0.0,0.0
00447628.png,0.0,0.0,0,0.0,0.0,0.0,0.0,0,0.0,0.0
00447669.png,0.0,0.0,0,0.0,0.0,0.0,0.0,0,0.0,0.0
00447710.png,0.0,0.0,0,0.0,0.0,0.0,0.0,0,0.0,0.0
00447751.png,0.0,0.0,0,0.0,0.0,0.0,0.0,0,0.0,0.0
00447791.png,0.0,0.0,0,0.0,0.0,0.0,0.0,0,0.0,0.0
00447832.png,0.0,0.0,0,0.0,0.0,0.0,0.0,0,0.0,0.0
00447872.png,0.0,0.0,0,0.0,0.0,0.0,0.0,0,0.0,0.0
00447911.png,0.93515625,3715.5,8,12.001931404979551,171.75066601659415,4481.409135406042,3211.261960672691,1574,3717.0,105.0
00447951.png,0.0,0.0,0,0.0,0.0,0.0,0.0,0,0.0,0.0
00447992.png,0.0,0.0,0,0.0,0.0,0.0,0.0,0,0.0,0.0
00448032.png,0.0,0.0,0,0.0,0.0,0.0,0.0,0,0.0,0.0
00448073.png,0.0,0.0,0,0.0,0.0,0.0,0.0,0,0.0,0.0
00448114.png,0.1140625,2139.0,1,2.2457425658950716,51.03920062069938,6321.5,-538.0,265,2145.0,111.0
00448155.png,0.0,0.0,0,0.0,0.0,0.0,0.0,0,0.0,0.0
00448196.png,0.0,0.0,0,0.0,0.0,0.0,0.0,1,1424.0,129.0
00448237.png,0.0,0.0,0,0.0,0.0,0.0,0.0,0,0.0,0.0
00448278.png,0.0,0.0,0,0.0,0.0,0.0,0.0,0,0.0,0.0
00448318.png,0.8357638888888889,3524.6666666666665,3,1.817509616790069,95.75091299051981,10450.944444444445,2545.3333333333335,549,3550.0,48.0
00448358.png,0.0,0.0,0,0.0,0.0,0.0,0.0,0,0.0,0.0
00448398.png,0.0,0.0,0,0.0,0.0,0.0,0.0,0,0.0,0.0
00448438.png,0.0,0.0,0,0.0,0.0,0.0,0.0,0,0.0,0.0
00448477.png,-0.4518601190476191,1052.4285714285713,7,16.01648986010572,174.05619195486906,1923.1162622842269,957.7100287017736,1380,1057.0,32.0
00448517.png,0.0,0.0,0,0.0,0.0,0.0,0.0,351,1496.0,100.0
00448556.png,0.0,0.0,0,0.0,0.0,0.0,0.0,0,0.0,0.0
00448595.png,0.0,0.0,0,0.0,0.0,0.0,0.0,147,1321.0,120.0
00448633.png,0.0,0.0,0,0.0,0.0,0.0,0.0,3,1741.0,127.0
00448672.png,0.0,0.0,0,0.0,0.0,0.0,0.0,0,0.0,0.0
00448712.png,0.0,0.0,0,0.0,0.0,0.0,0.0,338,1639.0,102.0
00448750.png,0.0,0.0,0,0.0,0.0,0.0,0.0,0,0.0,0.0
00448790.png,0.0,0.0,0,0.0,0.0,0.0,0.0,0,0.0,0.0
00448831.png,0.0,0.0,0,0.0,0.0,0.0,0.0,0,0.0,0.0
00448872.png,0.0,0.0,0,0.0,0.0,0.0,0.0,10,2290.0,65.0
00448913.png,0.0,0.0,0,0.0,0.0,0.0,0.0,0,0.0,0.0
00448954.png,0.0,0.0,0,0.0,0.0,0.0,0.0,15,1457.0,165.0
00448995.png,0.0,0.0,0,0.0,0.0,0.0,0.0,2,1935.0,204.0
00449036.png,0.0,0.0,0,0.0,0.0,0.0,0.0,40,2363.0,69.0
00449076.png,0.0,0.0,0,0.0,0.0,0.0,0.0,0,0.0,0.0
00449117.png,0.0,0.0,0,0.0,0.0,0.0,0.0,183,2428.0,127.0
00449157.png,0.0,0.0,0,0.0,0.0,0.0,0.0,0,0.0,0.0
00449197.png,0.0,0.0,0,0.0,0.0,0.0,0.0,380,2448.0,58.0
00449236.png,0.0,0.0,0,0.0,0.0,0.0,0.0,48,2221.0,137.0
00449275.png,0.0,0.0,0,0.0,0.0,0.0,0.0,97,2069.0,43.0
00449313.png,0.0,0.0,0,0.0,0.0,0.0,0.0,28,2474.0,107.0
00449352.png,0.0,0.0,0,0.0,0.0,0.0,0.0,0,0.0,0.0
00449392.png,0.0,0.0,0,0.0,0.0,0.0,0.0,82,1904.0,213.0
00449432.png,0.0,0.0,0,0.0,0.0,0.0,0.0,0,0.0,0.0
00449472.png,0.0,0.0,0,0.0,0.0,0.0,0.0,0,0.0,0.0
00449513.png,0.0,0.0,0,0.0,0.0,0.0,0.0,0,0.0,0.0
00449554.png,0.0,0.0,0,0.0,0.0,0.0,0.0,5,1903.0,94.0
00449594.png,0.0,0.0,0,0.0,0.0,0.0,0.0,0,0.0,0.0
00449635.png,0.0,0.0,0,0.0,0.0,0.0,0.0,0,0.0,0.0
00449676.png,0.0,0.0,0,0.0,0.0,0.0,0.0,0,0.0,0.0
00449717.png,0.0,0.0,0,0.0,0.0,0.0,0.0,13,1782.0,234.0
00449758.png,0.9769791666666667,3795.8,5,-2.5377467874856356,59.2598949213157,-1700.1,4702.1,687,3773.0,41.0
00449799.png,0.0,0.0,0,0.0,0.0,0.0,0.0,0,0.0,0.0
00449839.png,0.0,0.0,0,0.0,0.0,0.0,0.0,0,0.0,0.0
00449878.png,0.0,0.0,0,0.0,0.0,0.0,0.0,0,0.0,0.0
00449918.png,0.0,0.0,0,0.0,0.0,0.0,0.0,111,3812.0,14.0
00449959.png,0.0,0.0,0,0.0,0.0,0.0,0.0,0,0.0,0.0
00450000.png,0.0,0.0,0,0.0,0.0,0.0,0.0,0,0.0,0.0
00450040.png,0.0,0.0,0,0.0,0.0,0.0,0.0,0,0.0,0.0
00450081.png,0.0,0.0,0,0.0,0.0,0.0,0.0,5,1576.0,12.0
00450121.png,0.0,0.0,0,0.0,0.0,0.0,0.0,1082,633.0,59.0
00450161.png,0.0,0.0,0,0.0,0.0,0.0,0.0,0,0.0,0.0
00450202.png,0.0,0.0,0,0.0,0.0,0.0,0.0,0,0.0,0.0
00450243.png,0.0,0.0,0,0.0,0.0,0.0,0.0,0,0.0,0.0
00450284.png,0.0,0.0,0,0.0,0.0,0.0,0.0,0,0.0,0.0
00450325.png,0.0,0.0,0,0.0,0.0,0.0,0.0,1011,327.0,145.0
00450366.png,0.0,0.0,0,0.0,0.0,0.0,0.0,0,0.0,0.0
00450407.png,0.0,0.0,0,0.0,0.0,0.0,0.0,0,0.0,0.0
00450449.png,0.0,0.0,0,0.0,0.0,0.0,0.0,0,0.0,0.0
00450490.png,0.0,0.0,0,0.0,0.0,0.0,0.0,0,0.0,0.0
00450531.png,0.0,0.0,0,0.0,0.0,0.0,0.0,0,0.0,0.0
00450572.png,0.0,0.0,0,0.0,0.0,0.0,0.0,74,669.0,119.0
00450613.png,0.0,0.0,0,0.0,0.0,0.0,0.0,0,0.0,0.0
00450654.png,0.0,0.0,0,0.0,0.0,0.0,0.0,54,1331.0,134.0
00450695.png,0.0,0.0,0,0.0,0.0,0.0,0.0,0,0.0,0.0
00450736.png,0.0,0.0,0,0.0,0.0,0.0,0.0,0,0.0,0.0
00450776.png,0.0,0.0,0,0.0,0.0,0.0,0.0,0,0.0,0.0
00450816.png,0.0,0.0,0,0.0,0.0,0.0,0.0,0,0.0,0.0
00450855.png,0.0,0.0,0,0.0,0.0,0.0,0.0,0,0.0,0.0
00450895.png,0.0,0.0,0,0.0,0.0,0.0,0.0,0,0.0,0.0
00450934.png,0.0,0.0,0,0.0,0.0,0.0,0.0,0,0.0,0.0
00450972.png,0.0,0.0,0,0.0,0.0,0.0,0.0,0,0.0,0.0
00451010.png,0.0,0.0,0,0.0,0.0,0.0,0.0,0,0.0,0.0
00451048.png,0.0,0.0,0,0.0,0.0,0.0,0.0,0,0.0,0.0
00451087.png,0.0,0.0,0,0.0,0.0,0.0,0.0,0,0.0,0.0
00451126.png,0.0,0.0,0,0.0,0.0,0.0,0.0,0,0.0,0.0
00451167.png,0.0,0.0,0,0.0,0.0,0.0,0.0,0,0.0,0.0
00451208.png,0.0,0.0,0,0.0,0.0,0.0,0.0,0,0.0,0.0
00451249.png,0.0,0.0,0,0.0,0.0,0.0,0.0,0,0.0,0.0
00451290.png,0.0,0.0,0,0.0,0.0,0.0,0.0,0,0.0,0.0
00451331.png,0.0,0.0,0,0.0,0.0,0.0,0.0,313,2727.0,94.0
00451372.png,0.0,0.0,0,0.0,0.0,0.0,0.0,122,2067.0,67.0
00451413.png,0.0,0.0,0,0.0,0.0,0.0,0.0,0,0.0,0.0
00451455.png,0.0,0.0,0,0.0,0.0,0.0,0.0,0,0.0,0.0
00451496.png,0.0,0.0,0,0.0,0.0,0.0,0.0,0,0.0,0.0
00451538.png,0.0,0.0,0,0.0,0.0,0.0,0.0,170,1478.0,27.0
00451579.png,0.0,0.0,0,0.0,0.0,0.0,0.0,131,676.0,109.0
00451620.png,0.0,0.0,0,0.0,0.0,0.0,0.0,6,1212.0,126.0
00451661.png,0.0,0.0,0,0.0,0.0,0.0,0.0,0,0.0,0.0
00451701.png,0.0,0.0,0,0.0,0.0,0.0,0.0,582,3437.0,229.0
00451740.png,0.0,0.0,0,0.0,0.0,0.0,0.0,0,0.0,0.0
00451777.png,0.0,0.0,0,0.0,0.0,0.0,0.0,0,0.0,0.0
00451815.png,0.0,0.0,0,0.0,0.0,0.0,0.0,0,0.0,0.0
00451854.png,0.0,0.0,0,0.0,0.0,0.0,0.0,0,0.0,0.0
00451894.png,0.0,0.0,0,0.0,0.0,0.0,0.0,49,1357.0,212.0
00451933.png,0.0,0.0,0,0.0,0.0,0.0,0.0,0,0.0,0.0
00451971.png,0.0,0.0,0,0.0,0.0,0.0,0.0,698,3027.0,131.0
00452010.png,0.0,0.0,0,0.0,0.0,0.0,0.0,0,0.0,0.0
00452048.png,0.0,0.0,0,0.0,0.0,0.0,0.0,0,0.0,0.0
00452088.png,0.0,0.0,0,0.0,0.0,0.0,0.0,0,0.0,0.0
00452129.png,0.0,0.0,0,0.0,0.0,0.0,0.0,0,0.0,0.0
00452170.png,0.0,0.0,0,0.0,0.0,0.0,0.0,0,0.0,0.0
00452211.png,0.0,0.0,0,0.0,0.0,0.0,0.0,0,0.0,0.0
00452252.png,0.0,0.0,0,0.0,0.0,0.0,0.0,0,0.0,0.0
00452293.png,0.0,0.0,0,0.0,0.0,0.0,0.0,0,0.0,0.0
00452334.png,0.0,0.0,0,0.0,0.0,0.0,0.0,45,2648.0,163.0
00452375.png,0.0,0.0,0,0.0,0.0,0.0,0.0,14,1849.0,98.0
00452415.png,0.0,0.0,0,0.0,0.0,0.0,0.0,0,0.0,0.0
00452456.png,0.0,0.0,0,0.0,0.0,0.0,0.0,0,0.0,0.0
00452497.png,0.0,0.0,0,0.0,0.0,0.0,0.0,0,0.0,0.0
00452538.png,0.0,0.0,0,0.0,0.0,0.0,0.0,18,2067.0,226.0
00452579.png,0.0,0.0,0,0.0,0.0,0.0,0.0,1,1920.0,208.0
00452619.png,0.0,0.0,0,0.0,0.0,0.0,0.0,23,1780.0,184.0
00452660.png,0.0,0.0,0,0.0,0.0,0.0,0.0,0,0.0,0.0
00452700.png,0.0,0.0,0,0.0,0.0,0.0,0.0,0,0.0,0.0
00452739.png,0.0,0.0,0,0.0,0.0,0.0,0.0,0,0.0,0.0
00452778.png,0.0,0.0,0,0.0,0.0,0.0,0.0,70,1509.0,265.0
00452818.png,0.0,0.0,0,0.0,0.0,0.0,0.0,0,0.0,0.0
00452859.png,0.0,0.0,0,0.0,0.0,0.0,0.0,0,0.0,0.0
00452900.png,0.0,0.0,0,0.0,0.0,0.0,0.0,0,0.0,0.0
00452941.png,0.0,0.0,0,0.0,0.0,0.0,0.0,62,2505.0,173.0
00452981.png,0.0,0.0,0,0.0,0.0,0.0,0.0,97,3770.0,2.0
00453022.png,0.0,0.0,0,0.0,0.0,0.0,0.0,0,0.0,0.0
00453060.png,0.0,0.0,0,0.0,0.0,0.0,0.0,0,0.0,0.0
00453097.png,0.0,0.0,0,0.0,0.0,0.0,0.0,0,0.0,0.0
00453135.png,0.0,0.0,0,0.0,0.0,0.0,0.0,0,0.0,0.0
00453174.png,0.0,0.0,0,0.0,0.0,0.0,0.0,0,0.0,0.0
00453214.png,0.0,0.0,0,0.0,0.0,0.0,0.0,0,0.0,0.0
00453255.png,0.0,0.0,0,0.0,0.0,0.0,0.0,0,0.0,0.0
00453296.png,0.0,0.0,0,0.0,0.0,0.0,0.0,0,0.0,0.0
00453337.png,0.0,0.0,0,0.0,0.0,0.0,0.0,0,0.0,0.0
00453378.png,0.0,0.0,0,0.0,0.0,0.0,0.0,224,2508.0,45.0
00453419.png,0.0,0.0,0,0.0,0.0,0.0,0.0,116,2670.0,132.0
00453459.png,0.0,0.0,0,0.0,0.0,0.0,0.0,0,0.0,0.0
00453497.png,0.0,0.0,0,0.0,0.0,0.0,0.0,201,1963.0,97.0
00453534.png,0.0,0.0,0,0.0,0.0,0.0,0.0,2,2170.0,176.0
00453570.png,0.0,0.0,0,0.0,0.0,0.0,0.0,3,2010.0,101.0
00453606.png,0.0,0.0,0,0.0,0.0,0.0,0.0,0,0.0,0.0
00453642.png,0.0,0.0,0,0.0,0.0,0.0,0.0,722,1665.0,95.0
00453679.png,0.0,0.0,0,0.0,0.0,0.0,0.0,17,1485.0,243.0
00453716.png,0.36875,2628.0,1,-19.707978842978722,142.33762678926468,2195.2916666666665,2946.25,545,2560.0,143.0
00453754.png,0.0,0.0,0,0.0,0.0,0.0,0.0,635,2654.0,149.0
00453791.png,0.0,0.0,0,0.0,0.0,0.0,0.0,74,3030.0,183.0
00453829.png,0.0,0.0,0,0.0,0.0,0.0,0.0,0,0.0,0.0
00453868.png,0.0,0.0,0,0.0,0.0,0.0,0.0,0,0.0,0.0
00453909.png,0.0,0.0,0,0.0,0.0,0.0,0.0,0,0.0,0.0
00453950.png,0.0,0.0,0,0.0,0.0,0.0,0.0,0,0.0,0.0
00453992.png,0.0,0.0,0,0.0,0.0,0.0,0.0,0,0.0,0.0
00454033.png,0.0,0.0,0,0.0,0.0,0.0,0.0,0,0.0,0.0
00454074.png,0.0,0.0,0,0.0,0.0,0.0,0.0,0,0.0,0.0
00454114.png,0.0,0.0,0,0.0,0.0,0.0,0.0,152,2115.0,150.0
00454155.png,0.0,0.0,0,0.0,0.0,0.0,0.0,18,2467.0,189.0
00454196.png,0.0,0.0,0,0.0,0.0,0.0,0.0,0,0.0,0.0
00454236.png,0.0,0.0,0,0.0,0.0,0.0,0.0,0,0.0,0.0
00454274.png,0.0,0.0,0,0.0,0.0,0.0,0.0,29,1721.0,107.0
00454312.png,0.0,0.0,0,0.0,0.0,0.0,0.0,0,0.0,0.0
00454350.png,0.0,0.0,0,0.0,0.0,0.0,0.0,0,0.0,0.0
00454390.png,0.0,0.0,0,0.0,0.0,0.0,0.0,0,0.0,0.0
00454430.png,0.0,0.0,0,0.0,0.0,0.0,0.0,0,0.0,0.0
00454471.png,0.0,0.0,0,0.0,0.0,0.0,0.0,0,0.0,0.0
00454512.png,0.0,0.0,0,0.0,0.0,0.0,0.0,0,0.0,0.0
00454553.png,0.0,0.0,0,0.0,0.0,0.0,0.0,0,0.0,0.0
00454594.png,0.0,0.0,0,0.0,0.0,0.0,0.0,0,0.0,0.0
00454635.png,0.0,0.0,0,0.0,0.0,0.0,0.0,19,3504.0,190.0
00454675.png,0.0,0.0,0,0.0,0.0,0.0,0.0,0,0.0,0.0
00454715.png,0.0,0.0,0,0.0,0.0,0.0,0.0,0,0.0,0.0
00454755.png,0.0,0.0,0,0.0,0.0,0.0,0.0,0,0.0,0.0
00454795.png,0.0,0.0,0,0.0,0.0,0.0,0.0,0,0.0,0.0
00454833.png,0.0,0.0,0,0.0,0.0,0.0,0.0,16,1757.0,170.0
00454870.png,0.0,0.0,0,0.0,0.0,0.0,0.0,283,1521.0,164.0
00454906.png,0.0,0.0,0,0.0,0.0,0.0,0.0,0,0.0,0.0
00454942.png,0.0,0.0,0,0.0,0.0,0.0,0.0,59,1560.0,78.0
00454978.png,0.0,0.0,0,0.0,0.0,0.0,0.0,0,0.0,0.0
00455016.png,0.0,0.0,0,0.0,0.0,0.0,0.0,0,0.0,0.0
00455259.png,0.0,0.0,0,0.0,0.0,0.0,0.0,109,1673.0,107.0
00455300.png,0.0,0.0,0,0.0,0.0,0.0,0.0,0,0.0,0.0
00455339.png,0.0,0.0,0,0.0,0.0,0.0,0.0,0,0.0,0.0
00455376.png,0.0,0.0,0,0.0,0.0,0.0,0.0,96,2423.0,229.0
00455415.png,0.0,0.0,0,0.0,0.0,0.0,0.0,0,0.0,0.0
00455495.png,0.0,0.0,0,0.0,0.0,0.0,0.0,0,0.0,0.0
00455535.png,0.0,0.0,0,0.0,0.0,0.0,0.0,0,0.0,0.0
00455616.png,0.0,0.0,0,0.0,0.0,0.0,0.0,0,0.0,0.0
00455856.png,0.0,0.0,0,0.0,0.0,0.0,0.0,0,0.0,0.0
00455979.png,0.0,0.0,0,0.0,0.0,0.0,0.0,106,2823.0,132.0
00456020.png,0.0,0.0,0,0.0,0.0,0.0,0.0,77,2586.0,127.0
00456061.png,0.0,0.0,0,0.0,0.0,0.0,0.0,0,0.0,0.0
00456102.png,0.0,0.0,0,0.0,0.0,0.0,0.0,9,1722.0,226.0
00456143.png,0.9494791666666667,3743.0,1,0.8069294551023745,71.00704190430693,22310.0,3211.0,478,3738.0,11.0
00456184.png,0.0,0.0,0,0.0,0.0,0.0,0.0,2,2313.0,173.0
00456224.png,0.0,0.0,0,0.0,0.0,0.0,0.0,301,2277.0,127.0
00456265.png,0.0,0.0,0,0.0,0.0,0.0,0.0,0,0.0,0.0
00456306.png,0.0,0.0,0,0.0,0.0,0.0,0.0,0,0.0,0.0
00456458.png,0.0,0.0,0,0.0,0.0,0.0,0.0,0,0.0,0.0
00456653.png,0.0,0.0,0,0.0,0.0,0.0,0.0,0,0.0,0.0
00457016.png,0.0,0.0,0,0.0,0.0,0.0,0.0,3,3714.0,45.0
00457057.png,0.0,0.0,0,0.0,0.0,0.0,0.0,0,0.0,0.0
00457097.png,0.0,0.0,0,0.0,0.0,0.0,0.0,0,0.0,0.0
00457138.png,0.0,0.0,0,0.0,0.0,0.0,0.0,206,2159.0,119.0
00457179.png,0.0,0.0,0,0.0,0.0,0.0,0.0,0,0.0,0.0
00457219.png,0.0,0.0,0,0.0,0.0,0.0,0.0,0,0.0,0.0
00457259.png,0.0,0.0,0,0.0,0.0,0.0,0.0,0,0.0,0.0
00457299.png,0.0,0.0,0,0.0,0.0,0.0,0.0,0,0.0,0.0
00457339.png,0.0,0.0,0,0.0,0.0,0.0,0.0,0,0.0,0.0
00457378.png,0.0,0.0,0,0.0,0.0,0.0,0.0,0,0.0,0.0
00457417.png,0.0,0.0,0,0.0,0.0,0.0,0.0,339,835.0,155.0
00457456.png,-0.83359375,319.5,2,-5.4416825972556815,63.285140364771266,-2468.1666666666665,356.33333333333337,413,275.0,9.0
00457494.png,0.0,0.0,0,0.0,0.0,0.0,0.0,134,1625.0,67.0
00457533.png,0.0,0.0,0,0.0,0.0,0.0,0.0,0,0.0,0.0
00457572.png,-0.7375,504.0,2,-0.6509763362894376,88.01136216933077,-5282.0,636.0,333,502.0,5.0
00457611.png,0.5651041666666666,3005.0,2,18.362846691217573,195.43812423417415,3431.1705446853516,2620.0096509783184,738,2988.0,157.0
00457650.png,0.0,0.0,0,0.0,0.0,0.0,0.0,7,1468.0,237.0
00457689.png,0.0,0.0,0,0.0,0.0,0.0,0.0,0,0.0,0.0
00457729.png,0.0,0.0,0,0.0,0.0,0.0,0.0,0,0.0,0.0
00457770.png,0.0,0.0,0,0.0,0.0,0.0,0.0,0,0.0,0.0
00457811.png,0.0,0.0,0,0.0,0.0,0.0,0.0,697,3566.0,82.0
00457852.png,0.0,0.0,0,0.0,0.0,0.0,0.0,4,2093.0,128.0
00457893.png,0.0,0.0,0,0.0,0.0,0.0,0.0,1,2127.0,127.0
00457934.png,0.0,0.0,0,0.0,0.0,0.0,0.0,4,2119.0,118.0
00457975.png,0.0,0.0,0,0.0,0.0,0.0,0.0,0,0.0,0.0
00458015.png,0.0,0.0,0,0.0,0.0,0.0,0.0,162,1243.0,209.0
00458055.png,0.0,0.0,0,0.0,0.0,0.0,0.0,0,0.0,0.0
00458094.png,0.0,0.0,0,0.0,0.0,0.0,0.0,145,2314.0,96.0
00458132.png,0.0,0.0,0,0.0,0.0,0.0,0.0,242,2371.0,138.0
00458170.png,0.0,0.0,0,0.0,0.0,0.0,0.0,98,2189.0,164.0
00458208.png,0.0,0.0,0,0.0,0.0,0.0,0.0,0,0.0,0.0
00458247.png,0.0,0.0,0,0.0,0.0,0.0,0.0,210,1610.0,158.0
00458286.png,0.0,0.0,0,0.0,0.0,0.0,0.0,0,0.0,0.0
00458326.png,0.0,0.0,0,0.0,0.0,0.0,0.0,0,0.0,0.0
00458366.png,0.0,0.0,0,0.0,0.0,0.0,0.0,0,0.0,0.0
00458407.png,0.0,0.0,0,0.0,0.0,0.0,0.0,0,0.0,0.0
00458447.png,0.0,0.0,0,0.0,0.0,0.0,0.0,0,0.0,0.0
00458486.png,0.0,0.0,0,0.0,0.0,0.0,0.0,0,0.0,0.0
00458525.png,0.0,0.0,0,0.0,0.0,0.0,0.0,0,0.0,0.0
00458566.png,0.0,0.0,0,0.0,0.0,0.0,0.0,0,0.0,0.0
00458607.png,0.0,0.0,0,0.0,0.0,0.0,0.0,0,0.0,0.0
00458649.png,0.0,0.0,0,0.0,0.0,0.0,0.0,0,0.0,0.0
00458690.png,0.0,0.0,0,0.0,0.0,0.0,0.0,34,1898.0,110.0
00458731.png,0.0,0.0,0,0.0,0.0,0.0,0.0,178,1541.0,198.0
00458772.png,0.0,0.0,0,0.0,0.0,0.0,0.0,0,0.0,0.0
00458813.png,0.0,0.0,0,0.0,0.0,0.0,0.0,0,0.0,0.0
00458853.png,0.0,0.0,0,0.0,0.0,0.0,0.0,0,0.0,0.0
00458893.png,0.0,0.0,0,0.0,0.0,0.0,0.0,0,0.0,0.0
00458932.png,0.0,0.0,0,0.0,0.0,0.0,0.0,0,0.0,0.0
00458970.png,0.0,0.0,0,0.0,0.0,0.0,0.0,0,0.0,0.0
00459010.png,0.0,0.0,0,0.0,0.0,0.0,0.0,22,1917.0,193.0
00459051.png,0.0,0.0,0,0.0,0.0,0.0,0.0,14,1818.0,141.0
00459092.png,0.0,0.0,0,0.0,0.0,0.0,0.0,61,3472.0,76.0
00459133.png,0.0,0.0,0,0.0,0.0,0.0,0.0,228,2658.0,51.0
00459174.png,0.0,0.0,0,0.0,0.0,0.0,0.0,0,0.0,0.0
00459215.png,0.0,0.0,0,0.0,0.0,0.0,0.0,0,0.0,0.0
00459256.png,0.0,0.0,0,0.0,0.0,0.0,0.0,0,0.0,0.0
00459297.png,0.0,0.0,0,0.0,0.0,0.0,0.0,0,0.0,0.0
00459338.png,0.0,0.0,0,0.0,0.0,0.0,0.0,0,0.0,0.0
00459379.png,0.0,0.0,0,0.0,0.0,0.0,0.0,313,1737.0,125.0
00459419.png,0.0,0.0,0,0.0,0.0,0.0,0.0,0,0.0,0.0
00459459.png,0.0,0.0,0,0.0,0.0,0.0,0.0,0,0.0,0.0
00459499.png,0.0,0.0,0,0.0,0.0,0.0,0.0,0,0.0,0.0
00459540.png,0.0,0.0,0,0.0,0.0,0.0,0.0,0,0.0,0.0
00459581.png,0.0,0.0,0,0.0,0.0,0.0,0.0,0,0.0,0.0
00459621.png,0.0,0.0,0,0.0,0.0,0.0,0.0,0,0.0,0.0
00459661.png,0.0,0.0,0,0.0,0.0,0.0,0.0,71,1925.0,28.0
00459702.png,0.0,0.0,0,0.0,0.0,0.0,0.0,0,0.0,0.0
00459742.png,0.0,0.0,0,0.0,0.0,0.0,0.0,0,0.0,0.0
00459782.png,0.0,0.0,0,0.0,0.0,0.0,0.0,0,0.0,0.0
00459822.png,0.0,0.0,0,0.0,0.0,0.0,0.0,0,0.0,0.0
00459861.png,0.0,0.0,0,0.0,0.0,0.0,0.0,0,0.0,0.0
00459900.png,0.0,0.0,0,0.0,0.0,0.0,0.0,0,0.0,0.0
00459938.png,0.0,0.0,0,0.0,0.0,0.0,0.0,0,0.0,0.0
00459978.png,0.0,0.0,0,0.0,0.0,0.0,0.0,1,1679.0,121.0
00460019.png,0.0,0.0,0,0.0,0.0,0.0,0.0,37,2013.0,107.0
00460060.png,0.0,0.0,0,0.0,0.0,0.0,0.0,0,0.0,0.0
00460101.png,0.0,0.0,0,0.0,0.0,0.0,0.0,15,1714.0,152.0
00460142.png,0.0,0.0,0,0.0,0.0,0.0,0.0,104,1388.0,207.0
00460183.png,0.0,0.0,0,0.0,0.0,0.0,0.0,51,2009.0,193.0
00460224.png,0.0,0.0,0,0.0,0.0,0.0,0.0,0,0.0,0.0
00460265.png,0.0,0.0,0,0.0,0.0,0.0,0.0,0,0.0,0.0
00460306.png,0.0,0.0,0,0.0,0.0,0.0,0.0,0,0.0,0.0
00460347.png,0.0,0.0,0,0.0,0.0,0.0,0.0,0,0.0,0.0
00460388.png,0.0,0.0,0,0.0,0.0,0.0,0.0,168,1439.0,77.0
00460427.png,0.0,0.0,0,0.0,0.0,0.0,0.0,0,0.0,0.0
00460466.png,0.0,0.0,0,0.0,0.0,0.0,0.0,66,1570.0,105.0
00460504.png,0.0,0.0,0,0.0,0.0,0.0,0.0,390,246.0,49.0
00460540.png,0.0,0.0,0,0.0,0.0,0.0,0.0,0,0.0,0.0
00460576.png,0.0,0.0,0,0.0,0.0,0.0,0.0,45,1668.0,151.0
00460613.png,0.0,0.0,0,0.0,0.0,0.0,0.0,154,1292.0,164.0
00460650.png,0.0,0.0,0,0.0,0.0,0.0,0.0,18,2700.0,203.0
00460687.png,0.0,0.0,0,0.0,0.0,0.0,0.0,0,0.0,0.0
00460726.png,0.0,0.0,0,0.0,0.0,0.0,0.0,0,0.0,0.0
00460764.png,0.5713541666666667,3017.0,1,10.154266580200265,68.06614430096654,3843.8333333333335,2341.9166666666665,2934,3021.0,121.0
00460799.png,0.0,0.0,0,0.0,0.0,0.0,0.0,165,2140.0,101.0
00460834.png,0.0,0.0,0,0.0,0.0,0.0,0.0,20,1756.0,40.0
00460869.png,0.0,0.0,0,0.0,0.0,0.0,0.0,358,2284.0,70.0
00460903.png,0.0,0.0,0,0.0,0.0,0.0,0.0,31,2159.0,112.0
00460938.png,0.0,0.0,0,0.0,0.0,0.0,0.0,79,1892.0,97.0
00460975.png,0.8009027777777776,3457.733333333333,30,5.7778767161022735,122.24900015168029,4766.868492144654,2215.530002557486,3464,3426.0,120.0
00461011.png,0.0,0.0,0,0.0,0.0,0.0,0.0,0,0.0,0.0
00461049.png,0.0,0.0,0,0.0,0.0,0.0,0.0,0,0.0,0.0
00461087.png,0.0,0.0,0,0.0,0.0,0.0,0.0,0,0.0,0.0
00461127.png,0.0,0.0,0,0.0,0.0,0.0,0.0,0,0.0,0.0
00461168.png,0.0,0.0,0,0.0,0.0,0.0,0.0,0,0.0,0.0
00461208.png,0.0,0.0,0,0.0,0.0,0.0,0.0,0,0.0,0.0
00461249.png,0.0,0.0,0,0.0,0.0,0.0,0.0,58,1765.0,215.0
00461290.png,0.0,0.0,0,0.0,0.0,0.0,0.0,0,0.0,0.0
00461331.png,0.0,0.0,0,0.0,0.0,0.0,0.0,56,2325.0,77.0
00461372.png,0.0,0.0,0,0.0,0.0,0.0,0.0,14,2127.0,140.0
00461413.png,0.0,0.0,0,0.0,0.0,0.0,0.0,0,0.0,0.0
00461453.png,0.0,0.0,0,0.0,0.0,0.0,0.0,0,0.0,0.0
00461494.png,0.0,0.0,0,0.0,0.0,0.0,0.0,3,1874.0,210.0
00461534.png,0.0,0.0,0,0.0,0.0,0.0,0.0,4,1811.0,209.0
00461574.png,0.0,0.0,0,0.0,0.0,0.0,0.0,5,2170.0,268.0
00461615.png,0.0,0.0,0,0.0,0.0,0.0,0.0,0,0.0,0.0
00461656.png,0.0,0.0,0,0.0,0.0,0.0,0.0,0,0.0,0.0
00461697.png,0.0,0.0,0,0.0,0.0,0.0,0.0,867,2162.0,79.0
00461736.png,0.23255208333333333,2366.5,2,13.263270820682347,63.18732732427182,2686.1761904761906,1544.207142857143,695,2142.0,152.0
00461774.png,0.0,0.0,0,0.0,0.0,0.0,0.0,1,2445.0,39.0
00461812.png,0.0,0.0,0,0.0,0.0,0.0,0.0,214,1813.0,23.0
00461850.png,-0.78125,420.0,9,-0.6288515121835725,107.26842199524192,-2050.0559292559287,1598.3049672549673,3900,349.0,121.0
00461888.png,0.0,0.0,0,0.0,0.0,0.0,0.0,102,1682.0,53.0
00461927.png,0.0,0.0,0,0.0,0.0,0.0,0.0,117,1672.0,104.0
00462046.png,0.0,0.0,0,0.0,0.0,0.0,0.0,0,0.0,0.0
00462084.png,0.0,0.0,0,0.0,0.0,0.0,0.0,55,1693.0,82.0
00462163.png,0.0,0.0,0,0.0,0.0,0.0,0.0,0,0.0,0.0
00462403.png,0.0,0.0,0,0.0,0.0,0.0,0.0,0,0.0,0.0
00462486.png,0.0,0.0,0,0.0,0.0,0.0,0.0,0,0.0,0.0
00462527.png,0.0,0.0,0,0.0,0.0,0.0,0.0,0,0.0,0.0
00462567.png,0.0,0.0,0,0.0,0.0,0.0,0.0,0,0.0,0.0
00462608.png,0.7229166666666667,3308.0,1,10.911128384283383,84.52810183601665,4662.4375,3267.0,213,3301.0,12.0
00462649.png,0.0,0.0,0,0.0,0.0,0.0,0.0,0,0.0,0.0
00462689.png,0.0,0.0,0,0.0,0.0,0.0,0.0,0,0.0,0.0
00462730.png,0.0,0.0,0,0.0,0.0,0.0,0.0,0,0.0,0.0
00462850.png,0.0,0.0,0,0.0,0.0,0.0,0.0,0,0.0,0.0
00462889.png,0.0,0.0,0,0.0,0.0,0.0,0.0,0,0.0,0.0
00462928.png,0.0,0.0,0,0.0,0.0,0.0,0.0,0,0.0,0.0
00462968.png,0.0,0.0,0,0.0,0.0,0.0,0.0,0,0.0,0.0
00463007.png,0.0,0.0,0,0.0,0.0,0.0,0.0,30,1635.0,104.0
00463046.png,0.0,0.0,0,0.0,0.0,0.0,0.0,115,1717.0,201.0
00463085.png,0.0,0.0,0,0.0,0.0,0.0,0.0,27,1686.0,70.0
00463124.png,0.0,0.0,0,0.0,0.0,0.0,0.0,224,2038.0,131.0
00463163.png,0.0,0.0,0,0.0,0.0,0.0,0.0,0,0.0,0.0
00463202.png,0.0,0.0,0,0.0,0.0,0.0,0.0,237,154.0,144.0
00463243.png,0.0,0.0,0,0.0,0.0,0.0,0.0,0,0.0,0.0
00463284.png,0.0,0.0,0,0.0,0.0,0.0,0.0,0,0.0,0.0
00463325.png,0.0,0.0,0,0.0,0.0,0.0,0.0,453,1835.0,127.0
00463366.png,0.0,0.0,0,0.0,0.0,0.0,0.0,0,0.0,0.0
00463406.png,0.0,0.0,0,0.0,0.0,0.0,0.0,0,0.0,0.0
00463446.png,0.0,0.0,0,0.0,0.0,0.0,0.0,0,0.0,0.0
00463561.png,0.0,0.0,0,0.0,0.0,0.0,0.0,0,0.0,0.0
00463602.png,0.6666666666666666,960.0,1,5.9061411137705,58.309518948453004,1685.0,911.6666666666666,154,952.0,3.0
00463724.png,0.0,0.0,0,0.0,0.0,0.0,0.0,0,0.0,0.0
00463764.png,0.0,0.0,0,0.0,0.0,0.0,0.0,0,0.0,0.0
00463802.png,0.0,0.0,0,0.0,0.0,0.0,0.0,0,0.0,0.0
00463841.png,0.0,0.0,0,0.0,0.0,0.0,0.0,0,0.0,0.0
00463919.png,0.0,0.0,0,0.0,0.0,0.0,0.0,0,0.0,0.0
00463960.png,0.0,0.0,0,0.0,0.0,0.0,0.0,0,0.0,0.0
00464001.png,0.0,0.0,0,0.0,0.0,0.0,0.0,2,3730.0,236.0
00464042.png,0.0,0.0,0,0.0,0.0,0.0,0.0,3,2094.0,130.0
00464084.png,0.0,0.0,0,0.0,0.0,0.0,0.0,0,0.0,0.0
00464125.png,0.0,0.0,0,0.0,0.0,0.0,0.0,56,2658.0,221.0
00464166.png,0.0,0.0,0,0.0,0.0,0.0,0.0,0,0.0,0.0
00464207.png,0.0,0.0,0,0.0,0.0,0.0,0.0,0,0.0,0.0
00464248.png,0.0,0.0,0,0.0,0.0,0.0,0.0,0,0.0,0.0
00464289.png,0.0,0.0,0,0.0,0.0,0.0,0.0,843,2109.0,81.0
00464330.png,0.0,0.0,0,0.0,0.0,0.0,0.0,74,625.0,265.0
00464370.png,0.0,0.0,0,0.0,0.0,0.0,0.0,362,1360.0,110.0
00464409.png,0.0,0.0,0,0.0,0.0,0.0,0.0,0,0.0,0.0
00464446.png,0.0,0.0,0,0.0,0.0,0.0,0.0,0,0.0,0.0
00464483.png,0.0,0.0,0,0.0,0.0,0.0,0.0,118,1653.0,155.0
00464519.png,0.0,0.0,0,0.0,0.0,0.0,0.0,0,0.0,0.0
00464556.png,0.0,0.0,0,0.0,0.0,0.0,0.0,0,0.0,0.0
00464593.png,-0.5109375,939.0,1,-19.714294515298057,127.47156545677157,686.4418604651163,1437.139534883721,646,1081.0,129.0
00464630.png,0.0,0.0,0,0.0,0.0,0.0,0.0,0,0.0,0.0
00464667.png,0.0,0.0,0,0.0,0.0,0.0,0.0,629,377.0,89.0
00464702.png,0.2640625,2427.0,4,0.23445551459506142,60.76403452510136,116.25,2503.625,1554,2384.0,82.0
00464737.png,0.0,0.0,0,0.0,0.0,0.0,0.0,199,2222.0,115.0
00464772.png,0.0,0.0,0,0.0,0.0,0.0,0.0,360,3249.0,222.0
00464807.png,0.0,0.0,0,0.0,0.0,0.0,0.0,0,0.0,0.0
00464845.png,0.0,0.0,0,0.0,0.0,0.0,0.0,0,0.0,0.0
00464885.png,0.0,0.0,0,0.0,0.0,0.0,0.0,0,0.0,0.0
00464925.png,0.0,0.0,0,0.0,0.0,0.0,0.0,0,0.0,0.0
00464965.png,0.0,0.0,0,0.0,0.0,0.0,0.0,0,0.0,0.0
00465006.png,0.0,0.0,0,0.0,0.0,0.0,0.0,0,0.0,0.0
00465047.png,0.0,0.0,0,0.0,0.0,0.0,0.0,0,0.0,0.0
00465088.png,0.0,0.0,0,0.0,0.0,0.0,0.0,0,0.0,0.0
00465129.png,0.0,0.0,0,0.0,0.0,0.0,0.0,0,0.0,0.0
00465170.png,0.0,0.0,0,0.0,0.0,0.0,0.0,0,0.0,0.0
00465211.png,0.0,0.0,0,0.0,0.0,0.0,0.0,0,0.0,0.0
00465252.png,0.0,0.0,0,0.0,0.0,0.0,0.0,0,0.0,0.0
00465292.png,0.0,0.0,0,0.0,0.0,0.0,0.0,18,2555.0,118.0
00465332.png,0.0,0.0,0,0.0,0.0,0.0,0.0,0,0.0,0.0
00465372.png,0.0,0.0,0,0.0,0.0,0.0,0.0,10,3141.0,235.0
00465413.png,0.0,0.0,0,0.0,0.0,0.0,0.0,0,0.0,0.0
00465454.png,0.0,0.0,0,0.0,0.0,0.0,0.0,0,0.0,0.0
00465495.png,0.0,0.0,0,0.0,0.0,0.0,0.0,0,0.0,0.0
00465536.png,0.0,0.0,0,0.0,0.0,0.0,0.0,575,1448.0,114.0
00465577.png,0.0,0.0,0,0.0,0.0,0.0,0.0,445,3320.0,109.0
00465618.png,0.0,0.0,0,0.0,0.0,0.0,0.0,0,0.0,0.0
00465659.png,0.0,0.0,0,0.0,0.0,0.0,0.0,0,0.0,0.0
00465737.png,0.0,0.0,0,0.0,0.0,0.0,0.0,0,0.0,0.0
00465774.png,0.0,0.0,0,0.0,0.0,0.0,0.0,0,0.0,0.0
00465811.png,0.0,0.0,0,0.0,0.0,0.0,0.0,0,0.0,0.0
00465852.png,0.0,0.0,0,0.0,0.0,0.0,0.0,0,0.0,0.0
00465892.png,0.0,0.0,0,0.0,0.0,0.0,0.0,0,0.0,0.0
00465932.png,0.0,0.0,0,0.0,0.0,0.0,0.0,115,2106.0,39.0
00465973.png,0.6329166666666666,3135.2,5,13.408032966438096,37.84157351146412,3925.2057142857143,2792.3314285714287,586,3056.0,88.0
00466014.png,0.0,0.0,0,0.0,0.0,0.0,0.0,0,0.0,0.0
00466055.png,0.0,0.0,0,0.0,0.0,0.0,0.0,0,0.0,0.0
00466095.png,0.0,0.0,0,0.0,0.0,0.0,0.0,506,2694.0,113.0
00466135.png,0.0,0.0,0,0.0,0.0,0.0,0.0,0,0.0,0.0
00466174.png,0.0,0.0,0,0.0,0.0,0.0,0.0,0,0.0,0.0
00466212.png,0.0,0.0,0,0.0,0.0,0.0,0.0,0,0.0,0.0
00466250.png,0.0,0.0,0,0.0,0.0,0.0,0.0,0,0.0,0.0
00466291.png,0.0,0.0,0,0.0,0.0,0.0,0.0,30,2227.0,58.0
00466332.png,0.0,0.0,0,0.0,0.0,0.0,0.0,26,1621.0,34.0
00466372.png,0.0,0.0,0,0.0,0.0,0.0,0.0,4,1837.0,33.0
00466413.png,0.0,0.0,0,0.0,0.0,0.0,0.0,215,3447.0,50.0
00466454.png,0.0,0.0,0,0.0,0.0,0.0,0.0,0,0.0,0.0
00466495.png,0.0,0.0,0,0.0,0.0,0.0,0.0,0,0.0,0.0
00466535.png,0.0,0.0,0,0.0,0.0,0.0,0.0,0,0.0,0.0
00466576.png,0.0,0.0,0,0.0,0.0,0.0,0.0,0,0.0,0.0
00466617.png,0.8295806623931623,3512.7948717948716,39,3.5978748645771916,129.38500744312327,3515.577243818056,3411.8376760765686,3863,3495.0,128.0
00466657.png,0.0,0.0,0,0.0,0.0,0.0,0.0,0,0.0,0.0
00466698.png,0.0,0.0,0,0.0,0.0,0.0,0.0,210,3771.0,80.0
00466739.png,0.0,0.0,0,0.0,0.0,0.0,0.0,5,3523.0,267.0
00466780.png,0.0,0.0,0,0.0,0.0,0.0,0.0,0,0.0,0.0
00466898.png,0.0,0.0,0,0.0,0.0,0.0,0.0,0,0.0,0.0
00467100.png,0.0,0.0,0,0.0,0.0,0.0,0.0,6,1784.0,110.0
00467141.png,0.0,0.0,0,0.0,0.0,0.0,0.0,63,40.0,43.0
00467222.png,0.0,0.0,0,0.0,0.0,0.0,0.0,0,0.0,0.0
00467262.png,0.0,0.0,0,0.0,0.0,0.0,0.0,0,0.0,0.0
00467301.png,0.0,0.0,0,0.0,0.0,0.0,0.0,0,0.0,0.0
00467340.png,0.0,0.0,0,0.0,0.0,0.0,0.0,0,0.0,0.0
00467379.png,0.0,0.0,0,0.0,0.0,0.0,0.0,0,0.0,0.0
00467418.png,0.0,0.0,0,0.0,0.0,0.0,0.0,0,0.0,0.0
00467656.png,0.0,0.0,0,0.0,0.0,0.0,0.0,0,0.0,0.0
00468141.png,0.0,0.0,0,0.0,0.0,0.0,0.0,0,0.0,0.0
00468182.png,0.8185416666666666,3491.6,25,12.869375332502305,128.81315986020422,3916.8182836767223,2650.009217064767,2787,3555.0,179.0
00468263.png,0.0,0.0,0,0.0,0.0,0.0,0.0,0,0.0,0.0
00468343.png,0.0,0.0,0,0.0,0.0,0.0,0.0,3,1640.0,84.0
00468505.png,0.0,0.0,0,0.0,0.0,0.0,0.0,4,1862.0,52.0
00468545.png,0.0,0.0,0,0.0,0.0,0.0,0.0,0,0.0,0.0
00468626.png,0.0,0.0,0,0.0,0.0,0.0,0.0,0,0.0,0.0
00468940.png,0.0,0.0,0,0.0,0.0,0.0,0.0,0,0.0,0.0
00469429.png,0.0,0.0,0,0.0,0.0,0.0,0.0,0,0.0,0.0
00469469.png,0.0,0.0,0,0.0,0.0,0.0,0.0,3,1443.0,172.0
00469548.png,0.0,0.0,0,0.0,0.0,0.0,0.0,0,0.0,0.0
00469589.png,0.0,0.0,0,0.0,0.0,0.0,0.0,0,0.0,0.0
00469629.png,0.0,0.0,0,0.0,0.0,0.0,0.0,0,0.0,0.0
00469669.png,0.0,0.0,0,0.0,0.0,0.0,0.0,0,0.0,0.0
00469709.png,0.0,0.0,0,0.0,0.0,0.0,0.0,0,0.0,0.0
00469749.png,0.0,0.0,0,0.0,0.0,0.0,0.0,0,0.0,0.0
00469790.png,0.0,0.0,0,0.0,0.0,0.0,0.0,0,0.0,0.0
00469831.png,0.0,0.0,0,0.0,0.0,0.0,0.0,0,0.0,0.0
00469872.png,0.0,0.0,0,0.0,0.0,0.0,0.0,0,0.0,0.0
00469991.png,0.0,0.0,0,0.0,0.0,0.0,0.0,0,0.0,0.0
00470144.png,0.0,0.0,0,0.0,0.0,0.0,0.0,0,0.0,0.0
00470415.png,0.0,0.0,0,0.0,0.0,0.0,0.0,0,0.0,0.0
00470455.png,0.0,0.0,0,0.0,0.0,0.0,0.0,0,0.0,0.0
00470495.png,0.0,0.0,0,0.0,0.0,0.0,0.0,138,2954.0,76.0
00470534.png,0.7619791666666667,3383.0,1,-2.8912695962205643,99.12618221237011,3037.0,8363.2,520,3365.0,259.0
00470575.png,0.6404592803030302,3149.681818181818,44,8.749449289087885,164.9426529004473,3796.63344149266,2626.0096941102715,5218,3181.0,151.0
00470616.png,0.9355902777777778,3716.3333333333335,6,7.129882821351326,84.47747781292436,2402.539605110337,5242.145470383276,1250,3752.0,160.0
00470657.png,0.0,0.0,0,0.0,0.0,0.0,0.0,0,0.0,0.0
00470697.png,0.0,0.0,0,0.0,0.0,0.0,0.0,0,0.0,0.0
00470738.png,0.0,0.0,0,0.0,0.0,0.0,0.0,0,0.0,0.0
00470779.png,0.0,0.0,0,0.0,0.0,0.0,0.0,0,0.0,0.0
00470819.png,0.0,0.0,0,0.0,0.0,0.0,0.0,0,0.0,0.0
00470859.png,0.0,0.0,0,0.0,0.0,0.0,0.0,0,0.0,0.0
00470898.png,0.0,0.0,0,0.0,0.0,0.0,0.0,0,0.0,0.0
00470936.png,0.0,0.0,0,0.0,0.0,0.0,0.0,0,0.0,0.0
00470976.png,0.0,0.0,0,0.0,0.0,0.0,0.0,358,2729.0,12.0
00471016.png,0.7370600728155341,3335.1553398058254,103,4.329101400666853,151.52775919317583,3890.106423964971,2469.194246861282,8992,3337.0,154.0
00471057.png,0.0,0.0,0,0.0,0.0,0.0,0.0,0,0.0,0.0
00471098.png,0.0,0.0,0,0.0,0.0,0.0,0.0,0,0.0,0.0
00471137.png,0.0,0.0,0,0.0,0.0,0.0,0.0,0,0.0,0.0
00471178.png,0.0,0.0,0,0.0,0.0,0.0,0.0,118,3204.0,75.0
00471218.png,0.0,0.0,0,0.0,0.0,0.0,0.0,356,2219.0,216.0
00471259.png,0.0,0.0,0,0.0,0.0,0.0,0.0,0,0.0,0.0
00471300.png,0.0,0.0,0,0.0,0.0,0.0,0.0,0,0.0,0.0
00471341.png,0.0,0.0,0,0.0,0.0,0.0,0.0,52,3591.0,7.0
00471381.png,0.0,0.0,0,0.0,0.0,0.0,0.0,0,0.0,0.0
00471420.png,0.0,0.0,0,0.0,0.0,0.0,0.0,0,0.0,0.0
00471460.png,0.0,0.0,0,0.0,0.0,0.0,0.0,0,0.0,0.0
00471498.png,0.0,0.0,0,0.0,0.0,0.0,0.0,3,3174.0,15.0
00471538.png,0.0,0.0,0,0.0,0.0,0.0,0.0,0,0.0,0.0
00471577.png,0.0,0.0,0,0.0,0.0,0.0,0.0,0,0.0,0.0
00471616.png,0.0,0.0,0,0.0,0.0,0.0,0.0,0,0.0,0.0
00471655.png,0.0,0.0,0,0.0,0.0,0.0,0.0,0,0.0,0.0
00471694.png,0.0,0.0,0,0.0,0.0,0.0,0.0,0,0.0,0.0
00471733.png,0.0,0.0,0,0.0,0.0,0.0,0.0,0,0.0,0.0
00471772.png,0.0,0.0,0,0.0,0.0,0.0,0.0,0,0.0,0.0
00471811.png,0.0,0.0,0,0.0,0.0,0.0,0.0,0,0.0,0.0
00471852.png,0.0,0.0,0,0.0,0.0,0.0,0.0,0,0.0,0.0
00471891.png,0.0,0.0,0,0.0,0.0,0.0,0.0,0,0.0,0.0
00471931.png,0.0,0.0,0,0.0,0.0,0.0,0.0,0,0.0,0.0
00471970.png,0.0,0.0,0,0.0,0.0,0.0,0.0,0,0.0,0.0
